Blast,Hole ID,StartX,StartY,StartZ,EndX,EndY,EndZ,Burden,Spacing,Diameter,Length,Angle,Bearing,Subdrill,Time,Measured Length,Measured Mass
S4_226_401_V1,1,478335.038,6772110.194,236.989,478335.038,6772110.194,232.289,3.6,3,165,4.7,0,0,0,1560,4.7,43
S4_226_401_V1,2,478336.925,6772112.526,237.036,478336.925,6772112.526,231.936,3.6,3,165,5.1,0,0,0,1515,5.1,53
S4_226_401_V1,3,478338.811,6772114.859,237.112,478338.811,6772114.859,231.712,3.6,3,165,5.4,0,0,0,1469,5.4,61
S4_226_401_V1,4,478340.698,6772117.191,237.185,478340.698,6772117.191,231.385,3.6,3,165,5.8,0,0,0,1423,5.8,72
S4_226_401_V1,5,478342.657,6772119.393,237.197,478342.657,6772119.393,231.097,3.6,3,165,6.1,0,0,0,1379,6.1,79
S4_226_401_V1,6,478344.472,6772121.856,237.220,478344.472,6772121.856,230.820,3.6,3,165,6.4,0,0,0,1332,6.4,69
S4_226_401_V1,7,478346.359,6772124.188,237.346,478346.359,6772124.188,230.446,3.6,3,165,6.9,0,0,0,1286,6.9,90
S4_226_401_V1,8,478348.308,6772126.468,237.527,478348.308,6772126.468,230.227,3.6,3,165,7.3,0,0,0,1241,7.3,101
S4_226_401_V1,9,478350.258,6772128.749,237.713,478350.258,6772128.749,229.913,3.6,3,165,7.8,0,0,0,1267,7.8,113
S4_226_401_V1,10,478352.207,6772131.029,237.852,478352.207,6772131.029,229.552,3.6,3,165,8.3,0,0,0,1312,8.3,127
S4_226_401_V1,11,478354.156,6772133.309,237.989,478354.156,6772133.309,229.289,3.6,3,165,8.7,0,0,0,1357,8.7,138
S4_226_401_V1,12,478356.105,6772135.590,238.121,478356.105,6772135.590,229.021,3.6,3,165,9.1,0,0,0,1402,9.1,140
S4_226_401_V1,13,478358.055,6772137.870,238.280,478358.055,6772137.870,228.680,3.6,3,165,9.6,0,0,0,1447,9.6,154
S4_226_401_V1,14,478360.004,6772140.151,238.285,478360.004,6772140.151,228.385,3.6,3,165,9.9,0,0,0,1492,9.9,162
S4_226_401_V1,15,478361.981,6772142.407,238.195,478361.981,6772142.407,228.095,3.6,3,165,10.1,0,0,0,1537,10.1,167
S4_226_401_V1,16,478364.017,6772144.610,238.275,478364.017,6772144.610,227.775,3.6,3,165,10.5,0,0,0,1583,10.5,179
S4_226_401_V1,17,478366.054,6772146.813,238.374,478366.054,6772146.813,227.474,3.6,3,165,10.9,0,0,0,1629,10.9,190
S4_226_401_V1,18,478368.090,6772149.016,238.399,478368.090,6772149.016,227.199,3.6,3,165,11.2,0,0,0,1676,11.2,198
S4_226_401_V1,19,478370.127,6772151.219,238.404,478370.127,6772151.219,226.904,3.6,3,165,11.5,0,0,0,1722,11.5,198
S4_226_401_V1,20,478372.019,6772153.547,238.685,478372.019,6772153.547,226.685,3.6,3,165,12,0,0,0,1766,12,211
S4_226_401_V1,21,478373.901,6772155.883,238.890,478373.901,6772155.883,226.490,3.6,3,165,12.4,0,0,0,1810,12.4,221
S4_226_401_V1,22,478375.762,6772158.236,238.931,478375.762,6772158.236,226.231,3.6,3,165,12.7,0,0,0,1854,12.7,231
S4_226_401_V1,23,478377.616,6772160.595,238.736,478377.616,6772160.595,226.036,3.6,3,165,12.7,0,0,0,1898,12.7,231
S4_226_401_V1,24,478379.561,6772162.879,238.640,478379.561,6772162.879,226.040,3.6,3,165,12.6,0,0,0,1943,12.6,229
S4_226_401_V1,25,478381.505,6772165.163,238.491,478381.505,6772165.163,225.991,3.6,3,165,12.5,0,0,0,1988,12.5,226
S4_226_401_V1,26,478383.450,6772167.448,238.374,478383.450,6772167.448,225.974,3.6,3,165,12.4,0,0,0,2033,12.4,221
S4_226_401_V1,27,478385.381,6772169.744,238.177,478385.381,6772169.744,225.977,3.6,3,165,12.2,0,0,0,2078,12.2,216
S4_226_401_V1,28,478387.132,6772172.180,238.115,478387.132,6772172.180,226.015,3.6,3,165,12.1,0,0,0,2120,12.1,214
S4_226_401_V1,29,478388.904,6772174.667,238.105,478388.904,6772174.667,226.005,3.6,3,165,12.1,0,0,0,2163,12.1,214
S4_226_401_V1,30,478390.618,6772177.063,238.058,478390.618,6772177.063,225.958,3.6,3,165,12.1,0,0,0,2205,12.1,214
S4_226_401_V1,31,478392.340,6772179.519,238.025,478392.340,6772179.519,226.025,3.6,3,165,12,0,0,0,2247,12,211
S4_226_401_V1,32,478394.062,6772181.976,238.069,478394.062,6772181.976,225.969,3.6,3,165,12.1,0,0,0,2289,12.1,214
S4_226_401_V1,33,478395.783,6772184.433,238.068,478395.783,6772184.433,225.968,3.6,3,165,12.1,0,0,0,2332,12.1,214
S4_226_401_V1,34,478396.060,6772187.420,237.964,478396.060,6772187.420,225.964,3.6,3,165,12,0,0,0,2353,12,211
S4_226_401_V1,35,478394.469,6772189.964,237.851,478394.469,6772189.964,225.951,3.6,3,165,11.9,0,0,0,2341,11.9,208
S4_226_401_V1,36,478392.878,6772192.507,237.869,478392.878,6772192.507,225.969,3.6,3,165,11.9,0,0,0,2328,11.9,208
S4_226_401_V1,37,478391.287,6772195.051,237.947,478391.287,6772195.051,226.047,3.6,3,165,11.9,0,0,0,2316,11.9,208
S4_226_401_V1,38,478389.697,6772197.595,237.920,478389.697,6772197.595,226.020,3.6,3,165,11.9,0,0,0,2304,11.9,208
S4_226_401_V1,39,478388.100,6772200.087,237.945,478388.100,6772200.087,226.045,3.6,3,165,11.9,0,0,0,2305,11.9,208
S4_226_401_V1,40,478386.515,6772202.682,238.052,478386.515,6772202.682,225.952,3.6,3,165,12.1,0,0,0,2345,12.1,214
S4_226_401_V1,41,478384.924,6772205.225,238.103,478384.924,6772205.225,226.003,3.6,3,165,12.1,0,0,0,2384,12.1,214
S4_226_401_V1,42,478383.334,6772207.768,238.154,478383.334,6772207.768,225.954,3.6,3,165,12.2,0,0,0,2424,12.2,216
S4_226_401_V1,43,478381.743,6772210.312,238.211,478381.743,6772210.312,226.011,3.6,3,165,12.2,0,0,0,2463,12.2,216
S4_226_401_V1,44,478380.152,6772212.856,238.283,478380.152,6772212.856,225.983,3.6,3,165,12.3,0,0,0,2502,12.3,219
S4_226_401_V1,45,478378.561,6772215.399,238.210,478378.561,6772215.399,226.010,3.6,3,165,12.2,0,0,0,2546,12.2,216
S4_226_401_V1,46,478340.399,6772174.606,238.307,478340.399,6772174.606,226.007,3.6,3,165,12.3,0,0,0,1865,12.3,229
S4_226_401_V1,47,478338.255,6772172.508,238.363,478338.255,6772172.508,225.963,3.6,3,165,12.4,0,0,0,1792,12.4,231
S4_226_401_V1,48,478336.110,6772170.410,238.307,478336.110,6772170.410,226.007,3.6,3,165,12.3,0,0,0,1739,12.3,229
S4_226_401_V1,49,478333.974,6772168.303,238.145,478333.974,6772168.303,226.045,3.6,3,165,12.1,0,0,0,1692,12.1,221
S4_226_401_V1,50,478331.906,6772166.130,238.033,478331.906,6772166.130,226.033,3.6,3,165,12,0,0,0,1640,12,219
S4_226_401_V1,51,478329.838,6772163.956,238.036,478329.838,6772163.956,226.036,3.6,3,165,12,0,0,0,1588,12,219
S4_226_401_V1,52,478327.771,6772161.783,238.079,478327.771,6772161.783,225.979,3.6,3,165,12.1,0,0,0,1537,12.1,221
S4_226_401_V1,53,478325.703,6772159.609,238.070,478325.703,6772159.609,225.970,3.6,3,165,12.1,0,0,0,1485,12.1,221
S4_226_401_V1,54,478323.635,6772157.436,238.032,478323.635,6772157.436,226.032,3.6,3,165,12,0,0,0,1433,12,219
S4_226_401_V1,55,478321.567,6772155.262,238.029,478321.567,6772155.262,226.029,3.6,3,165,12,0,0,0,1381,12,219
S4_226_401_V1,56,478319.499,6772153.089,238.049,478319.499,6772153.089,226.049,3.6,3,165,12,0,0,0,1330,12,219
S4_226_401_V1,57,478317.432,6772150.914,238.105,478317.432,6772150.914,226.005,3.6,3,165,12.1,0,0,0,1285,12.1,221
S4_226_401_V1,58,478315.424,6772148.686,238.122,478315.424,6772148.686,226.022,3.6,3,165,12.1,0,0,0,1342,12.1,221
S4_226_401_V1,59,478313.416,6772146.457,238.097,478313.416,6772146.457,225.997,3.6,3,165,12.1,0,0,0,1398,12.1,221
S4_226_401_V1,60,478311.408,6772144.228,238.048,478311.408,6772144.228,226.048,3.6,3,165,12,0,0,0,1455,12,219
S4_226_401_V1,61,478309.400,6772141.999,237.992,478309.400,6772141.999,225.992,3.6,3,165,12,0,0,0,1511,12,219
S4_226_401_V1,62,478307.392,6772139.770,237.960,478307.392,6772139.770,225.960,3.6,3,165,12,0,0,0,1568,12,219
S4_226_401_V1,63,478305.384,6772137.541,237.935,478305.384,6772137.541,226.035,3.6,3,165,11.9,0,0,0,1625,11.9,216
S4_226_401_V1,64,478298.449,6772147.473,238.201,478298.449,6772147.473,221.001,3.6,3,165,17.2,0,0,0,1455,17.2,350
S4_226_401_V1,65,478300.682,6772149.477,238.249,478300.682,6772149.477,221.349,3.6,3,165,16.9,0,0,0,1401,16.9,339
S4_226_401_V1,66,478302.914,6772151.481,238.271,478302.914,6772151.481,221.671,3.6,3,165,16.6,0,0,0,1347,16.6,332
S4_226_401_V1,67,478305.147,6772153.485,238.253,478305.147,6772153.485,221.953,3.6,3,165,16.3,0,0,0,1293,16.3,324
S4_226_401_V1,68,478307.379,6772155.489,238.310,478307.379,6772155.489,222.210,3.6,3,165,16.1,0,0,0,1239,16.1,319
S4_226_401_V1,69,478309.612,6772157.492,238.293,478309.612,6772157.492,222.493,3.6,3,165,15.8,0,0,0,1185,15.8,311
S4_226_401_V1,70,478311.844,6772159.496,238.246,478311.844,6772159.496,222.846,3.6,3,165,15.4,0,0,0,1180,15.4,301
S4_226_401_V1,71,478314.077,6772161.500,238.179,478314.077,6772161.500,223.179,3.6,3,165,15,0,0,0,1234,15,288
S4_226_401_V1,72,478316.310,6772163.504,238.078,478316.310,6772163.504,223.478,3.6,3,165,14.6,0,0,0,1288,14.6,278
S4_226_401_V1,73,478318.542,6772165.508,238.048,478318.542,6772165.508,223.748,3.6,3,165,14.3,0,0,0,1342,14.3,270
S4_226_401_V1,74,478320.775,6772167.512,238.035,478320.775,6772167.512,224.035,3.6,3,165,14,0,0,0,1396,14,260
S4_226_401_V1,75,478323.007,6772169.516,238.001,478323.007,6772169.516,224.301,3.6,3,165,13.7,0,0,0,1450,13.7,253
S4_226_401_V1,76,478325.240,6772171.520,238.130,478325.240,6772171.520,224.630,3.6,3,165,13.5,0,0,0,1504,13.5,248
S4_226_401_V1,77,478327.472,6772173.524,238.162,478327.472,6772173.524,224.962,3.6,3,165,13.2,0,0,0,1558,13.2,240
S4_226_401_V1,78,478329.705,6772175.528,238.174,478329.705,6772175.528,225.274,3.6,3,165,12.9,0,0,0,1613,12.9,231
S4_226_401_V1,79,478331.938,6772177.531,238.116,478331.938,6772177.531,225.516,3.6,3,165,12.6,0,0,0,1667,12.6,223
S4_226_401_V1,80,478334.170,6772179.535,238.279,478334.170,6772179.535,225.879,3.6,3,165,12.4,0,0,0,1741,12.4,218
S4_226_401_V1,81,478300.891,6772144.135,238.122,478300.891,6772144.135,226.022,3.6,3,165,12.1,0,0,0,1499,12.1,221
S4_226_401_V1,82,478303.037,6772146.231,238.185,478303.037,6772146.231,225.985,3.6,3,165,12.2,0,0,0,1444,12.2,226
S4_226_401_V1,83,478305.184,6772148.327,238.190,478305.184,6772148.327,225.990,3.6,3,165,12.2,0,0,0,1389,12.2,226
S4_226_401_V1,84,478307.330,6772150.423,238.190,478307.330,6772150.423,225.990,3.6,3,165,12.2,0,0,0,1334,12.2,226
S4_226_401_V1,85,478309.477,6772152.519,238.233,478309.477,6772152.519,226.033,3.6,3,165,12.2,0,0,0,1279,12.2,226
S4_226_401_V1,86,478311.623,6772154.615,238.221,478311.623,6772154.615,226.021,3.6,3,165,12.2,0,0,0,1224,12.2,226
S4_226_401_V1,87,478313.770,6772156.711,238.207,478313.770,6772156.711,226.007,3.6,3,165,12.2,0,0,0,1203,12.2,226
S4_226_401_V1,88,478315.916,6772158.807,238.110,478315.916,6772158.807,226.010,3.6,3,165,12.1,0,0,0,1256,12.1,221
S4_226_401_V1,89,478318.062,6772160.903,238.093,478318.062,6772160.903,225.993,3.6,3,127,12.1,0,0,0,1308,12.1,131
S4_226_401_V1,90,478320.209,6772162.998,238.041,478320.209,6772162.998,226.041,3.6,3,127,12,0,0,0,1361,12,130
S4_226_401_V1,91,478322.355,6772165.094,238.035,478322.355,6772165.094,226.035,3.6,3,127,12,0,0,0,1414,12,130
S4_226_401_V1,92,478324.502,6772167.190,237.992,478324.502,6772167.190,225.992,3.6,3,127,12,0,0,0,1467,12,130
S4_226_401_V1,93,478326.648,6772169.286,237.996,478326.648,6772169.286,225.996,3.6,3,127,12,0,0,0,1520,12,130
S4_226_401_V1,94,478328.795,6772171.382,238.103,478328.795,6772171.382,226.003,3.6,3,127,12.1,0,0,0,1573,12.1,131
S4_226_401_V1,95,478330.941,6772173.478,238.138,478330.941,6772173.478,226.038,3.6,3,127,12.1,0,0,0,1626,12.1,131
S4_226_401_V1,96,478333.087,6772175.574,238.109,478333.087,6772175.574,226.009,3.6,3,127,12.1,0,0,0,1678,12.1,131
S4_226_401_V1,97,478308.169,6772204.558,238.712,478308.169,6772204.558,225.812,3.6,3,165,12.9,0,0,0,1834,12.9,231
S4_226_401_V1,98,478305.960,6772202.528,238.765,478305.960,6772202.528,225.565,3.6,3,165,13.2,0,0,0,1760,13.2,240
S4_226_401_V1,99,478303.751,6772200.497,238.769,478303.751,6772200.497,225.269,3.6,3,165,13.5,0,0,0,1705,13.5,248
S4_226_401_V1,100,478301.543,6772198.467,238.921,478301.543,6772198.467,225.021,3.6,3,165,13.9,0,0,0,1651,13.9,258
S4_226_401_V1,101,478299.334,6772196.437,239.064,478299.334,6772196.437,224.764,3.6,3,165,14.3,0,0,0,1596,14.3,270
S4_226_401_V1,102,478297.116,6772194.417,238.967,478297.116,6772194.417,224.467,3.6,3,165,14.5,0,0,0,1542,14.5,275
S4_226_401_V1,103,478294.885,6772192.412,238.484,478294.885,6772192.412,224.184,3.6,3,165,14.3,0,0,0,1488,14.3,270
S4_226_401_V1,104,478292.654,6772190.406,238.044,478292.654,6772190.406,223.944,3.6,3,165,14.1,0,0,0,1434,14.1,263
S4_226_401_V1,105,478290.423,6772188.400,238.015,478290.423,6772188.400,223.615,3.6,3,165,14.4,0,0,0,1380,14.4,273
S4_226_401_V1,106,478288.192,6772186.394,238.079,478288.192,6772186.394,223.279,3.6,3,165,14.8,0,0,0,1326,14.8,283
S4_226_401_V1,107,478285.961,6772184.388,238.080,478285.961,6772184.388,222.980,3.6,3,165,15.1,0,0,0,1316,15.1,291
S4_226_401_V1,108,478283.731,6772182.382,238.157,478283.731,6772182.382,222.657,3.6,3,165,15.5,0,0,0,1370,15.5,303
S4_226_401_V1,109,478281.500,6772180.377,238.094,478281.500,6772180.377,222.394,3.6,3,165,15.7,0,0,0,1424,15.7,308
S4_226_401_V1,110,478279.269,6772178.371,238.010,478279.269,6772178.371,222.110,3.6,3,165,15.9,0,0,0,1478,15.9,314
S4_226_401_V1,111,478277.038,6772176.365,238.036,478277.038,6772176.365,221.836,3.6,3,165,16.2,0,0,0,1532,16.2,321
S4_226_401_V1,112,478332.239,6772112.458,237.090,478332.239,6772112.458,232.290,3.6,3,165,4.8,0,0,0,1489,4.8,46
S4_226_401_V1,113,478334.126,6772114.790,237.134,478334.126,6772114.790,232.034,3.6,3,165,5.1,0,0,0,1444,5.1,53
S4_226_401_V1,114,478336.012,6772117.123,237.197,478336.012,6772117.123,231.697,3.6,3,165,5.5,0,0,0,1398,5.5,64
S4_226_401_V1,115,478337.899,6772119.455,237.315,478337.899,6772119.455,231.415,3.6,3,165,5.9,0,0,0,1352,5.9,74
S4_226_401_V1,116,478339.786,6772121.788,237.347,478339.786,6772121.788,231.047,3.6,3,165,6.3,0,0,0,1306,6.3,84
S4_226_401_V1,117,478341.673,6772124.120,237.373,478341.673,6772124.120,230.773,3.6,3,165,6.6,0,0,0,1261,6.6,82
S4_226_401_V1,118,478343.560,6772126.452,237.415,478343.560,6772126.452,230.515,3.6,3,165,6.9,0,0,0,1215,6.9,90
S4_226_401_V1,119,478345.509,6772128.733,237.514,478345.509,6772128.733,230.214,3.6,3,165,7.3,0,0,0,1170,7.3,101
S4_226_401_V1,120,478347.458,6772131.014,237.741,478347.458,6772131.014,229.941,3.6,3,165,7.8,0,0,0,1193,7.8,113
S4_226_401_V1,121,478349.407,6772133.294,237.900,478349.407,6772133.294,229.600,3.6,3,165,8.3,0,0,0,1238,8.3,127
S4_226_401_V1,122,478351.356,6772135.574,237.938,478351.356,6772135.574,229.338,3.6,3,165,8.6,0,0,0,1283,8.6,135
S4_226_401_V1,123,478353.306,6772137.855,238.047,478353.306,6772137.855,229.047,3.6,3,165,9,0,0,0,1328,9,138
S4_226_401_V1,124,478355.255,6772140.135,238.225,478355.255,6772140.135,228.725,3.6,3,165,9.5,0,0,0,1373,9.5,152
S4_226_401_V1,125,478357.204,6772142.416,238.119,478357.204,6772142.416,228.419,3.6,3,165,9.7,0,0,0,1418,9.7,157
S4_226_401_V1,126,478359.176,6772144.676,238.061,478359.176,6772144.676,228.161,3.6,3,165,9.9,0,0,0,1464,9.9,162
S4_226_401_V1,127,478361.213,6772146.879,238.145,478361.213,6772146.879,227.845,3.6,3,165,10.3,0,0,0,1510,10.3,174
S4_226_401_V1,128,478363.249,6772149.082,238.197,478363.249,6772149.082,227.597,3.6,3,165,10.6,0,0,0,1556,10.6,182
S4_226_401_V1,129,478365.286,6772151.285,238.334,478365.286,6772151.285,227.234,3.6,3,165,11.1,0,0,0,1602,11.1,195
S4_226_401_V1,130,478367.322,6772153.488,238.355,478367.322,6772153.488,226.955,3.6,3,165,11.4,0,0,0,1648,11.4,203
S4_226_401_V1,131,478369.220,6772155.811,238.366,478369.220,6772155.811,226.766,3.6,3,165,11.6,0,0,0,1692,11.6,208
S4_226_401_V1,132,478371.102,6772158.147,238.395,478371.102,6772158.147,226.495,3.6,3,165,11.9,0,0,0,1736,11.9,216
S4_226_401_V1,133,478372.962,6772160.501,238.403,478372.962,6772160.501,226.203,3.6,3,165,12.2,0,0,0,1780,12.2,226
S4_226_401_V1,134,478374.816,6772162.860,238.369,478374.816,6772162.860,225.969,3.6,3,165,12.4,0,0,0,1824,12.4,231
S4_226_401_V1,135,478376.761,6772165.144,238.354,478376.761,6772165.144,225.954,3.6,3,165,12.4,0,0,0,1869,12.4,231
S4_226_401_V1,136,478378.706,6772167.428,238.292,478378.706,6772167.428,225.992,3.6,3,165,12.3,0,0,0,1914,12.3,229
S4_226_401_V1,137,478380.650,6772169.713,238.055,478380.650,6772169.713,225.955,3.6,3,165,12.1,0,0,0,1959,12.1,221
S4_226_401_V1,138,478382.578,6772172.012,238.035,478382.578,6772172.012,226.035,3.6,3,165,12,0,0,0,2004,12,219
S4_226_401_V1,139,478384.328,6772174.448,238.022,478384.328,6772174.448,226.022,3.6,3,165,12,0,0,0,2046,12,219
S4_226_401_V1,140,478386.079,6772176.884,237.906,478386.079,6772176.884,226.006,3.6,3,165,11.9,0,0,0,2089,11.9,216
S4_226_401_V1,141,478387.813,6772179.332,237.843,478387.813,6772179.332,226.043,3.6,3,165,11.8,0,0,0,2131,11.8,214
S4_226_401_V1,142,478389.535,6772181.789,237.848,478389.535,6772181.789,226.048,3.6,3,165,11.8,0,0,0,2173,11.8,214
S4_226_401_V1,143,478391.256,6772184.246,237.883,478391.256,6772184.246,225.983,3.6,3,165,11.9,0,0,0,2216,11.9,216
S4_226_401_V1,144,478391.978,6772187.158,237.961,478391.978,6772187.158,225.961,3.6,3,165,12,0,0,0,2244,12,219
S4_226_401_V1,145,478390.387,6772189.701,237.972,478390.387,6772189.701,225.972,3.6,3,165,12,0,0,0,2231,12,219
S4_226_401_V1,146,478388.796,6772192.245,237.953,478388.796,6772192.245,225.953,3.6,3,165,12,0,0,0,2219,12,219
S4_226_401_V1,147,478387.206,6772194.789,238.006,478387.206,6772194.789,226.006,3.6,3,165,12,0,0,0,2207,12,219
S4_226_401_V1,148,478385.615,6772197.332,238.020,478385.615,6772197.332,226.020,3.6,3,165,12,0,0,0,2210,12,219
S4_226_401_V1,149,478384.024,6772199.876,238.032,478384.024,6772199.876,226.032,3.6,3,165,12,0,0,0,2249,12,219
S4_226_401_V1,150,478382.433,6772202.419,238.062,478382.433,6772202.419,225.962,3.6,3,165,12.1,0,0,0,2289,12.1,221
S4_226_401_V1,151,478380.842,6772204.963,238.049,478380.842,6772204.963,226.049,3.6,3,165,12,0,0,0,2328,12,219
S4_226_401_V1,152,478379.252,6772207.506,238.116,478379.252,6772207.506,226.016,3.6,3,165,12.1,0,0,0,2367,12.1,221
S4_226_401_V1,153,478377.661,6772210.050,238.182,478377.661,6772210.050,225.982,3.6,3,165,12.2,0,0,0,2426,12.2,226
S4_226_401_V1,154,478376.070,6772212.593,238.151,478376.070,6772212.593,225.951,3.6,3,165,12.2,0,0,0,2481,12.2,226
S4_226_401_V1,155,478337.719,6772177.020,238.267,478337.719,6772177.020,225.967,3.6,3,165,12.3,0,0,0,1811,12.3,229
S4_226_401_V1,156,478335.575,6772174.922,238.217,478335.575,6772174.922,226.017,3.6,3,165,12.2,0,0,0,1738,12.2,226
S4_226_401_V1,157,478333.431,6772172.824,238.277,478333.431,6772172.824,225.977,3.6,3,165,12.3,0,0,0,1690,12.3,229
S4_226_401_V1,158,478331.298,6772170.714,238.168,478331.298,6772170.714,225.968,3.6,3,165,12.2,0,0,0,1638,12.2,226
S4_226_401_V1,159,478329.231,6772168.540,238.012,478329.231,6772168.540,226.012,3.6,3,165,12,0,0,0,1586,12,219
S4_226_401_V1,160,478327.163,6772166.367,238.024,478327.163,6772166.367,226.024,3.6,3,165,12,0,0,0,1534,12,219
S4_226_401_V1,161,478325.095,6772164.193,238.083,478325.095,6772164.193,225.983,3.6,3,165,12.1,0,0,0,1482,12.1,221
S4_226_401_V1,162,478323.027,6772162.020,238.046,478323.027,6772162.020,226.046,3.6,3,165,12,0,0,0,1431,12,219
S4_226_401_V1,163,478320.959,6772159.846,238.031,478320.959,6772159.846,226.031,3.6,3,165,12,0,0,0,1379,12,219
S4_226_401_V1,164,478318.892,6772157.673,238.024,478318.892,6772157.673,226.024,3.6,3,165,12,0,0,0,1327,12,219
S4_226_401_V1,165,478316.824,6772155.499,238.104,478316.824,6772155.499,226.004,3.6,3,165,12.1,0,0,0,1276,12.1,221
S4_226_401_V1,166,478314.758,6772153.324,238.149,478314.758,6772153.324,226.049,3.6,3,165,12.1,0,0,0,1245,12.1,221
S4_226_401_V1,167,478312.750,6772151.095,238.155,478312.750,6772151.095,225.955,3.6,3,165,12.2,0,0,0,1301,12.2,226
S4_226_401_V1,168,478310.742,6772148.866,238.150,478310.742,6772148.866,225.950,3.6,3,165,12.2,0,0,0,1358,12.2,226
S4_226_401_V1,169,478308.734,6772146.638,238.107,478308.734,6772146.638,226.007,3.6,3,165,12.1,0,0,0,1414,12.1,221
S4_226_401_V1,170,478306.726,6772144.409,238.101,478306.726,6772144.409,226.001,3.6,3,165,12.1,0,0,0,1471,12.1,221
S4_226_401_V1,171,478304.718,6772142.180,238.019,478304.718,6772142.180,226.019,3.6,3,165,12,0,0,0,1528,12,219
S4_226_401_V1,172,478302.709,6772139.951,237.989,478302.709,6772139.951,225.989,3.6,3,165,12,0,0,0,1584,12,219
S4_226_401_V1,173,478296.044,6772150.152,238.162,478296.044,6772150.152,221.062,3.6,3,165,17.1,0,0,0,1422,17.1,344
S4_226_401_V1,174,478298.277,6772152.156,238.193,478298.277,6772152.156,221.393,3.6,3,165,16.8,0,0,0,1368,16.8,337
S4_226_401_V1,175,478300.509,6772154.160,238.270,478300.509,6772154.160,221.670,3.6,3,165,16.6,0,0,0,1314,16.6,332
S4_226_401_V1,176,478302.742,6772156.164,238.320,478302.742,6772156.164,222.020,3.6,3,165,16.3,0,0,0,1260,16.3,324
S4_226_401_V1,177,478304.975,6772158.168,238.307,478304.975,6772158.168,222.307,3.6,3,165,16,0,0,0,1206,16,316
S4_226_401_V1,178,478307.207,6772160.172,238.279,478307.207,6772160.172,222.579,3.6,3,165,15.7,0,0,0,1152,15.7,308
S4_226_401_V1,179,478309.440,6772162.175,238.256,478309.440,6772162.175,222.856,3.6,3,165,15.4,0,0,0,1148,15.4,301
S4_226_401_V1,180,478311.672,6772164.179,238.169,478311.672,6772164.179,223.169,3.6,3,165,15,0,0,0,1202,15,288
S4_226_401_V1,181,478313.905,6772166.183,238.117,478313.905,6772166.183,223.517,3.6,3,165,14.6,0,0,0,1256,14.6,278
S4_226_401_V1,182,478316.137,6772168.187,238.078,478316.137,6772168.187,223.778,3.6,3,165,14.3,0,0,0,1310,14.3,270
S4_226_401_V1,183,478318.370,6772170.191,238.095,478318.370,6772170.191,224.095,3.6,3,165,14,0,0,0,1364,14,260
S4_226_401_V1,184,478320.603,6772172.195,238.141,478320.603,6772172.195,224.341,3.6,3,165,13.8,0,0,0,1418,13.8,255
S4_226_401_V1,185,478322.835,6772174.199,238.295,478322.835,6772174.199,224.695,3.6,3,165,13.6,0,0,0,1472,13.6,250
S4_226_401_V1,186,478325.068,6772176.203,238.240,478325.068,6772176.203,224.940,3.6,3,165,13.3,0,0,0,1526,13.3,243
S4_226_401_V1,187,478327.300,6772178.207,238.244,478327.300,6772178.207,225.244,3.6,3,165,13,0,0,0,1580,13,233
S4_226_401_V1,188,478329.533,6772180.211,238.188,478329.533,6772180.211,225.588,3.6,3,165,12.6,0,0,0,1634,12.6,223
S4_226_401_V1,189,478331.765,6772182.214,238.290,478331.765,6772182.214,225.890,3.6,3,165,12.4,0,0,0,1708,12.4,218
S4_226_401_V1,190,478310.576,6772201.881,238.541,478310.576,6772201.881,225.741,3.6,3,165,12.8,0,0,0,1751,12.8,228
S4_226_401_V1,191,478308.230,6772199.864,238.458,478308.230,6772199.864,225.558,3.6,3,165,12.9,0,0,0,1676,12.9,231
S4_226_401_V1,192,478306.159,6772197.820,238.672,478306.159,6772197.820,225.272,3.6,3,165,13.4,0,0,0,1622,13.4,245
S4_226_401_V1,193,478303.950,6772195.790,238.776,478303.950,6772195.790,224.976,3.6,3,165,13.8,0,0,0,1568,13.8,255
S4_226_401_V1,194,478301.742,6772193.759,239.073,478301.742,6772193.759,224.773,3.6,3,165,14.3,0,0,0,1513,14.3,270
S4_226_401_V1,195,478299.523,6772191.740,239.056,478299.523,6772191.740,224.456,3.6,3,165,14.6,0,0,0,1459,14.6,278
S4_226_401_V1,196,478297.292,6772189.735,238.590,478297.292,6772189.735,224.190,3.6,3,165,14.4,0,0,0,1405,14.4,273
S4_226_401_V1,197,478295.061,6772187.729,238.340,478295.061,6772187.729,223.840,3.6,3,165,14.5,0,0,0,1351,14.5,275
S4_226_401_V1,198,478292.830,6772185.723,238.153,478292.830,6772185.723,223.553,3.6,3,165,14.6,0,0,0,1297,14.6,278
S4_226_401_V1,199,478290.599,6772183.717,238.126,478290.599,6772183.717,223.226,3.6,3,165,14.9,0,0,0,1243,14.9,285
S4_226_401_V1,200,478288.368,6772181.711,238.054,478288.368,6772181.711,222.954,3.6,3,165,15.1,0,0,0,1233,15.1,291
S4_226_401_V1,201,478286.138,6772179.705,238.098,478286.138,6772179.705,222.698,3.6,3,165,15.4,0,0,0,1287,15.4,301
S4_226_401_V1,202,478283.907,6772177.700,238.195,478283.907,6772177.700,222.395,3.6,3,165,15.8,0,0,0,1341,15.8,311
S4_226_401_V1,203,478281.676,6772175.694,238.115,478281.676,6772175.694,222.015,3.6,3,165,16.1,0,0,0,1395,16.1,319
S4_226_401_V1,204,478279.445,6772173.688,238.157,478279.445,6772173.688,221.757,3.6,3,165,16.4,0,0,0,1449,16.4,326
S4_226_401_V1,205,478331.327,6772117.055,237.176,478331.327,6772117.055,230.476,4.5,5,229,6.7,0,128.971,1.5,1393,6.7,183
S4_226_401_V1,206,478334.471,6772120.942,237.306,478334.471,6772120.942,230.006,4.5,5,229,7.3,0,128.971,1.5,1316,7.3,213
S4_226_401_V1,207,478337.616,6772124.829,237.433,478337.616,6772124.829,229.533,4.5,5,229,7.9,0,128.971,1.5,1240,7.9,245
S4_226_401_V1,208,478340.761,6772128.716,237.499,478340.761,6772128.716,228.999,4.5,5,229,8.5,0,128.971,1.5,1164,8.5,277
S4_226_401_V1,209,478344.008,6772132.518,237.635,478344.008,6772132.518,228.535,4.5,5,229,9.1,0,130.523,1.5,1124,9.1,270
S4_226_401_V1,210,478347.257,6772136.319,237.861,478347.257,6772136.319,228.061,4.5,5,229,9.8,0,130.523,1.5,1199,9.8,307
S4_226_401_V1,211,478350.506,6772140.120,237.887,478350.506,6772140.120,227.487,4.5,5,229,10.4,0,130.523,1.5,1274,10.4,340
S4_226_401_V1,212,478353.754,6772143.920,237.947,478353.754,6772143.920,227.047,4.5,5,229,10.9,0,130.523,1.5,1349,10.9,365
S4_226_401_V1,213,478357.050,6772147.680,237.987,478357.050,6772147.680,226.587,4.5,5,229,11.4,0,132.752,1.5,1425,11.4,391
S4_226_401_V1,214,478360.445,6772151.352,238.011,478360.445,6772151.352,226.111,4.5,5,229,11.9,0,132.752,1.5,1502,11.9,416
S4_226_401_V1,215,478363.861,6772155.026,238.213,478363.861,6772155.026,225.613,4.5,5,229,12.6,0,132.752,1.5,1579,12.6,455
S4_226_401_V1,216,478367.050,6772158.856,238.273,478367.050,6772158.856,225.173,4.5,5,229,13.1,0,128.853,1.5,1653,13.1,481
S4_226_401_V1,217,478370.163,6772162.768,238.098,478370.163,6772162.768,224.698,4.5,5,229,13.4,0,127.465,1.5,1726,13.4,496
S4_226_401_V1,218,478373.315,6772166.650,238.095,478373.315,6772166.650,224.495,4.5,5,229,13.6,0,130.416,1.5,1800,13.6,506
S4_226_401_V1,219,478376.556,6772170.457,237.941,478376.556,6772170.457,224.541,4.5,5,229,13.4,0,130.405,1.5,1875,13.4,496
S4_226_401_V1,220,478379.776,6772174.282,237.880,478379.776,6772174.282,224.480,4.5,5,229,13.4,0,125.707,1.5,1950,13.4,496
S4_226_401_V1,221,478382.694,6772178.342,237.812,478382.694,6772178.342,224.512,4.5,5,229,13.3,0,125.707,1.5,2021,13.3,491
S4_226_401_V1,222,478385.583,6772182.423,237.814,478385.583,6772182.423,224.514,4.5,5,229,13.3,0,125.023,1.5,2091,13.3,491
S4_226_401_V1,223,478388.283,6772186.276,237.847,478388.283,6772186.276,224.547,4.5,5,229,13.3,0,125.023,1.5,2157,13.3,491
S4_226_401_V1,224,478385.692,6772190.420,237.923,478385.692,6772190.420,224.523,4.5,5,229,13.4,0,125.023,1.5,2137,13.4,496
S4_226_401_V1,225,478383.182,6772186.793,237.951,478383.182,6772186.793,224.451,4.5,5,229,13.5,0,125.023,1.5,2076,13.5,501
S4_226_401_V1,226,478380.649,6772183.224,237.922,478380.649,6772183.224,224.522,4.5,5,229,13.4,0,125.023,1.5,2014,13.4,496
S4_226_401_V1,227,478377.739,6772179.158,237.902,478377.739,6772179.158,224.502,4.5,5,229,13.4,0,125.707,1.5,1943,13.4,496
S4_226_401_V1,228,478374.684,6772175.200,237.933,478374.684,6772175.200,224.533,4.5,5,229,13.4,0,130.405,1.5,1870,13.4,496
S4_226_401_V1,229,478371.443,6772171.393,237.958,478371.443,6772171.393,224.458,4.5,5,229,13.5,0,130.405,1.5,1795,13.5,501
S4_226_401_V1,230,478368.201,6772167.586,238.102,478368.201,6772167.586,224.502,4.5,5,229,13.6,0,130.416,1.5,1720,13.6,506
S4_226_401_V1,231,478365.128,6772163.642,238.128,478365.128,6772163.642,225.028,4.5,5,229,13.1,0,128.853,1.5,1648,13.1,481
S4_226_401_V1,232,478361.991,6772159.748,238.108,478361.991,6772159.748,225.408,4.5,5,229,12.7,0,128.853,1.5,1574,12.7,460
S4_226_401_V1,233,478358.644,6772156.034,238.105,478358.644,6772156.034,225.905,4.5,5,229,12.2,0,132.752,1.5,1498,12.2,435
S4_226_401_V1,234,478355.250,6772152.362,237.986,478355.250,6772152.362,226.386,4.5,5,229,11.6,0,132.752,1.5,1421,11.6,401
S4_226_401_V1,235,478351.887,6772148.662,238.089,478351.887,6772148.662,226.789,4.5,5,229,11.3,0,130.523,1.5,1345,11.3,386
S4_226_401_V1,236,478348.639,6772144.861,237.965,478348.639,6772144.861,227.265,4.5,5,229,10.7,0,130.523,1.5,1270,10.7,355
S4_226_401_V1,237,478345.390,6772141.060,237.862,478345.390,6772141.060,227.762,4.5,5,229,10.1,0,130.523,1.5,1195,10.1,322
S4_226_401_V1,238,478342.141,6772137.260,237.724,478342.141,6772137.260,228.324,4.5,5,229,9.4,0,130.523,1.5,1120,9.4,287
S4_226_401_V1,239,478338.892,6772133.459,237.693,478338.892,6772133.459,228.793,4.5,5,229,8.9,0,130.523,1.5,1088,8.9,260
S4_226_401_V1,240,478335.698,6772129.613,237.577,478335.698,6772129.613,229.277,4.5,5,229,8.3,0,128.971,1.5,1163,8.3,265
S4_226_401_V1,241,478332.553,6772125.725,237.498,478332.553,6772125.725,229.798,4.5,5,229,7.7,0,128.971,1.5,1240,7.7,235
S4_226_401_V1,242,478329.408,6772121.838,237.357,478329.408,6772121.838,230.257,4.5,5,229,7.1,0,128.971,1.5,1316,7.1,203
S4_226_401_V1,243,478326.264,6772117.951,237.312,478326.264,6772117.951,230.812,4.5,5,229,6.5,0,128.971,1.5,1392,6.5,173
S4_226_401_V1,244,478324.330,6772122.715,237.527,478324.330,6772122.715,230.527,4.5,5,229,7,0,128.971,1.5,1315,7,198
S4_226_401_V1,245,478327.474,6772126.602,237.582,478327.474,6772126.602,230.082,4.5,5,229,7.5,0,128.971,1.5,1239,7.5,225
S4_226_401_V1,246,478330.619,6772130.490,237.714,478330.619,6772130.490,229.514,4.5,5,229,8.2,0,128.971,1.5,1163,8.2,260
S4_226_401_V1,247,478333.764,6772134.377,237.714,478333.764,6772134.377,229.114,4.5,5,229,8.6,0,128.971,1.5,1087,8.6,282
S4_226_401_V1,248,478337.008,6772138.181,237.823,478337.008,6772138.181,228.623,4.5,5,229,9.2,0,130.523,1.5,1040,9.2,275
S4_226_401_V1,249,478340.257,6772141.982,237.925,478340.257,6772141.982,228.125,4.5,5,229,9.8,0,130.523,1.5,1115,9.8,307
S4_226_401_V1,250,478343.506,6772145.782,237.981,478343.506,6772145.782,227.581,4.5,5,229,10.4,0,130.523,1.5,1190,10.4,340
S4_226_401_V1,251,478346.755,6772149.583,237.967,478346.755,6772149.583,227.067,4.5,5,229,10.9,0,130.523,1.5,1265,10.9,365
S4_226_401_V1,252,478350.038,6772153.354,237.999,478350.038,6772153.354,226.599,4.5,5,229,11.4,0,132.752,1.5,1340,11.4,391
S4_226_401_V1,253,478353.433,6772157.025,238.024,478353.433,6772157.025,226.124,4.5,5,229,11.9,0,132.752,1.5,1417,11.9,416
S4_226_401_V1,254,478356.827,6772160.697,238.046,478356.827,6772160.697,225.646,4.5,5,229,12.4,0,132.752,1.5,1494,12.4,445
S4_226_401_V1,255,478360.053,6772164.516,238.081,478360.053,6772164.516,225.281,4.5,5,229,12.8,0,128.853,1.5,1568,12.8,465
S4_226_401_V1,256,478363.164,6772168.431,238.133,478363.164,6772168.431,224.733,4.5,5,229,13.4,0,127.465,1.5,1642,13.4,496
S4_226_401_V1,257,478366.316,6772172.312,238.082,478366.316,6772172.312,224.482,4.5,5,229,13.6,0,130.416,1.5,1715,13.6,506
S4_226_401_V1,258,478369.557,6772176.119,237.983,478369.557,6772176.119,224.483,4.5,5,229,13.5,0,130.405,1.5,1790,13.5,501
S4_226_401_V1,259,478372.768,6772179.952,237.904,478372.768,6772179.952,224.504,4.5,5,229,13.4,0,125.707,1.5,1865,13.4,496
S4_226_401_V1,260,478375.686,6772184.012,238.059,478375.686,6772184.012,224.459,4.5,5,229,13.6,0,125.707,1.5,1936,13.6,506
S4_226_401_V1,261,478378.569,6772188.097,238.111,478378.569,6772188.097,224.511,4.5,5,229,13.6,0,125.023,1.5,2010,13.6,506
S4_226_401_V1,262,478380.856,6772191.322,238.015,478380.856,6772191.322,224.515,4.5,5,229,13.5,0,125.023,1.5,2073,13.5,501
S4_226_401_V1,263,478383.101,6772194.563,238.032,478383.101,6772194.563,224.532,4.5,5,229,13.5,0,125.023,1.5,2135,13.5,501
S4_226_401_V1,264,478380.601,6772198.560,238.180,478380.601,6772198.560,224.480,4.5,5,229,13.7,0,125.707,1.5,2197,13.7,511
S4_226_401_V1,265,478378.613,6772195.693,238.104,478378.613,6772195.693,224.504,4.5,5,229,13.6,0,125.707,1.5,2141,13.6,506
S4_226_401_V1,266,478376.566,6772192.947,238.165,478376.566,6772192.947,224.465,4.5,5,229,13.7,0,125.707,1.5,2088,13.7,511
S4_226_401_V1,267,478373.648,6772188.887,238.187,478373.648,6772188.887,224.487,4.5,5,229,13.7,0,125.707,1.5,2010,13.7,511
S4_226_401_V1,268,478370.730,6772184.827,237.988,478370.730,6772184.827,224.488,4.5,5,229,13.5,0,125.707,1.5,1931,13.5,501
S4_226_401_V1,269,478367.684,6772180.862,237.877,478367.684,6772180.862,224.477,4.5,5,229,13.4,0,130.405,1.5,1854,13.4,496
S4_226_401_V1,270,478364.443,6772177.054,238.050,478364.443,6772177.054,224.550,4.5,5,229,13.5,0,130.416,1.5,1779,13.5,501
S4_226_401_V1,271,478361.202,6772173.248,238.165,478361.202,6772173.248,224.565,4.5,5,229,13.6,0,130.416,1.5,1704,13.6,506
S4_226_401_V1,272,478358.130,6772169.302,238.129,478358.130,6772169.302,225.029,4.5,5,229,13.1,0,128.853,1.5,1627,13.1,481
S4_226_401_V1,273,478354.994,6772165.408,238.100,478354.994,6772165.408,225.500,4.5,5,229,12.6,0,128.853,1.5,1550,12.6,455
S4_226_401_V1,274,478351.632,6772161.707,237.997,478351.632,6772161.707,225.997,4.5,5,229,12,0,132.752,1.5,1477,12,421
S4_226_401_V1,275,478348.238,6772158.035,237.946,478348.238,6772158.035,226.446,4.5,5,229,11.5,0,132.752,1.5,1403,11.5,396
S4_226_401_V1,276,478344.888,6772154.324,237.948,478344.888,6772154.324,226.948,4.5,5,229,11,0,130.523,1.5,1330,11,370
S4_226_401_V1,277,478341.639,6772150.523,237.915,478341.639,6772150.523,227.415,4.5,5,229,10.5,0,130.523,1.5,1255,10.5,345
S4_226_401_V1,278,478338.390,6772146.723,237.962,478338.390,6772146.723,227.862,4.5,5,229,10.1,0,130.523,1.5,1180,10.1,322
S4_226_401_V1,279,478335.141,6772142.922,237.880,478335.141,6772142.922,228.380,4.5,5,229,9.5,0,130.523,1.5,1105,9.5,292
S4_226_401_V1,280,478331.892,6772139.121,237.838,478331.892,6772139.121,228.838,4.5,5,229,9,0,130.523,1.5,1080,9,265
S4_226_401_V1,281,478328.700,6772135.273,237.763,478328.700,6772135.273,229.363,4.5,5,229,8.4,0,128.971,1.5,1154,8.4,270
S4_226_401_V1,282,478325.556,6772131.386,237.794,478325.556,6772131.386,229.794,4.5,5,229,8,0,128.971,1.5,1228,8,250
S4_226_401_V1,283,478322.411,6772127.498,237.672,478322.411,6772127.498,230.272,4.5,5,229,7.4,0,128.971,1.5,1302,7.4,218
S4_226_401_V1,284,478319.266,6772123.611,237.422,478319.266,6772123.611,230.822,4.5,5,229,6.6,0,128.971,1.5,1376,6.6,178
S4_226_401_V1,285,478317.332,6772128.375,237.525,478317.332,6772128.375,230.525,4.5,5,229,7,0,128.971,1.5,1381,7,198
S4_226_401_V1,286,478320.477,6772132.263,237.740,478320.477,6772132.263,230.140,4.5,5,229,7.6,0,128.971,1.5,1307,7.6,230
S4_226_401_V1,287,478323.622,6772136.150,237.844,478323.622,6772136.150,229.644,4.5,5,229,8.2,0,128.971,1.5,1234,8.2,260
S4_226_401_V1,288,478326.766,6772140.037,237.867,478326.766,6772140.037,229.167,4.5,5,229,8.7,0,128.971,1.5,1160,8.7,287
S4_226_401_V1,289,478330.009,6772143.843,237.867,478330.009,6772143.843,228.667,4.5,5,229,9.2,0,130.523,1.5,1106,9.2,275
S4_226_401_V1,290,478333.258,6772147.644,237.975,478333.258,6772147.644,228.175,4.5,5,229,9.8,0,130.523,1.5,1181,9.8,307
S4_226_401_V1,291,478336.506,6772151.445,237.985,478336.506,6772151.445,227.685,4.5,5,229,10.3,0,130.523,1.5,1256,10.3,335
S4_226_401_V1,292,478339.755,6772155.245,237.978,478339.755,6772155.245,227.178,4.5,5,229,10.8,0,130.523,1.5,1331,10.8,360
S4_226_401_V1,293,478343.026,6772159.027,238.050,478343.026,6772159.027,226.750,4.5,5,229,11.3,0,132.752,1.5,1405,11.3,386
S4_226_401_V1,294,478346.421,6772162.698,238.108,478346.421,6772162.698,226.208,4.5,5,229,11.9,0,132.752,1.5,1479,11.9,416
S4_226_401_V1,295,478349.815,6772166.370,238.117,478349.815,6772166.370,225.717,4.5,5,229,12.4,0,132.752,1.5,1552,12.4,445
S4_226_401_V1,296,478353.056,6772170.177,238.154,478353.056,6772170.177,225.254,4.5,5,229,12.9,0,128.853,1.5,1627,12.9,470
S4_226_401_V1,297,478356.165,6772174.093,238.199,478356.165,6772174.093,224.799,4.5,5,229,13.4,0,127.465,1.5,1704,13.4,496
S4_226_401_V1,298,478359.316,6772177.975,238.197,478359.316,6772177.975,224.497,4.5,5,229,13.7,0,130.416,1.5,1780,13.7,511
S4_226_401_V1,299,478362.492,6772181.845,238.091,478362.492,6772181.845,224.491,4.5,5,229,13.6,0,130.405,1.5,1856,13.6,506
S4_226_401_V1,300,478365.774,6772185.610,238.039,478365.774,6772185.610,224.539,4.5,5,229,13.5,0,127.48,1.5,1930,13.5,501
S4_226_401_V1,301,478368.817,6772189.578,238.154,478368.817,6772189.578,224.454,4.5,5,229,13.7,0,127.48,1.5,2008,13.7,511
S4_226_401_V1,302,478371.859,6772193.545,238.311,478371.859,6772193.545,224.511,4.5,5,229,13.8,0,127.48,1.5,2085,13.8,516
S4_226_401_V1,303,478374.902,6772197.513,238.281,478374.902,6772197.513,224.481,4.5,5,229,13.8,0,127.48,1.5,2162,13.8,516
S4_226_401_V1,304,478378.401,6772202.077,238.168,478378.401,6772202.077,224.468,4.5,5,229,13.7,0,127.48,1.5,2251,13.7,511
S4_226_401_V1,305,478376.201,6772205.594,238.279,478376.201,6772205.594,224.479,4.5,5,229,13.8,0,129.337,1.5,2305,13.8,516
S4_226_401_V1,306,478373.123,6772201.884,238.434,478373.123,6772201.884,224.534,4.5,5,229,13.9,0,129.337,1.5,2232,13.9,521
S4_226_401_V1,307,478370.126,6772198.181,238.372,478370.126,6772198.181,224.472,4.5,5,229,13.9,0,129.337,1.5,2160,13.9,521
S4_226_401_V1,308,478366.956,6772194.314,238.284,478366.956,6772194.314,224.484,4.5,5,229,13.8,0,129.337,1.5,2084,13.8,516
S4_226_401_V1,309,478363.787,6772190.447,238.082,478363.787,6772190.447,224.482,4.5,5,229,13.6,0,129.337,1.5,2008,13.6,506
S4_226_401_V1,310,478360.618,6772186.580,238.171,478360.618,6772186.580,224.471,4.5,5,229,13.7,0,129.337,1.5,1932,13.7,511
S4_226_401_V1,311,478357.444,6772182.716,238.191,478357.444,6772182.716,224.491,4.5,5,229,13.7,0,130.416,1.5,1856,13.7,511
S4_226_401_V1,312,478354.202,6772178.909,238.294,478354.202,6772178.909,224.594,4.5,5,229,13.7,0,130.416,1.5,1781,13.7,511
S4_226_401_V1,313,478351.133,6772174.962,238.161,478351.133,6772174.962,225.061,4.5,5,229,13.1,0,128.853,1.5,1704,13.1,481
S4_226_401_V1,314,478347.996,6772171.069,238.153,478347.996,6772171.069,225.553,4.5,5,229,12.6,0,128.853,1.5,1628,12.6,455
S4_226_401_V1,315,478344.645,6772167.344,238.169,478344.645,6772167.344,226.069,4.5,5,229,12.1,0,132.752,1.5,1554,12.1,426
S4_226_401_V1,316,478341.226,6772163.709,238.115,478341.226,6772163.709,226.515,4.5,5,229,11.6,0,132.752,1.5,1481,11.6,401
S4_226_401_V1,317,478337.888,6772159.986,238.041,478337.888,6772159.986,227.041,4.5,5,229,11,0,130.523,1.5,1407,11,370
S4_226_401_V1,318,478334.639,6772156.186,238.025,478334.639,6772156.186,227.525,4.5,5,229,10.5,0,130.523,1.5,1332,10.5,345
S4_226_401_V1,319,478331.390,6772152.385,238.039,478331.390,6772152.385,227.939,4.5,5,229,10.1,0,130.523,1.5,1257,10.1,322
S4_226_401_V1,320,478328.141,6772148.584,237.942,478328.141,6772148.584,228.442,4.5,5,229,9.5,0,130.523,1.5,1182,9.5,292
S4_226_401_V1,321,478324.893,6772144.784,237.949,478324.893,6772144.784,228.949,4.5,5,229,9,0,130.523,1.5,1165,9,265
S4_226_401_V1,322,478321.703,6772140.933,237.924,478321.703,6772140.933,229.424,4.5,5,229,8.5,0,128.971,1.5,1239,8.5,277
S4_226_401_V1,323,478318.558,6772137.046,237.816,478318.558,6772137.046,229.916,4.5,5,229,7.9,0,128.971,1.5,1313,7.9,245
S4_226_401_V1,324,478315.414,6772133.158,237.660,478315.414,6772133.158,230.360,4.5,5,229,7.3,0,128.971,1.5,1386,7.3,213
S4_226_401_V1,325,478312.269,6772129.271,237.526,478312.269,6772129.271,230.826,4.5,5,229,6.7,0,128.971,1.5,1460,6.7,183
S4_226_401_V1,326,478310.335,6772134.036,237.717,478310.335,6772134.036,230.617,4.5,5,229,7.1,0,128.971,1.5,1506,7.1,203
S4_226_401_V1,327,478313.480,6772137.923,237.758,478313.480,6772137.923,230.158,4.5,5,229,7.6,0,128.971,1.5,1432,7.6,230
S4_226_401_V1,328,478316.625,6772141.810,237.877,478316.625,6772141.810,229.677,4.5,5,229,8.2,0,128.971,1.5,1358,8.2,260
S4_226_401_V1,329,478319.769,6772145.698,238.044,478319.769,6772145.698,229.244,4.5,5,229,8.8,0,128.971,1.5,1285,8.8,292
S4_226_401_V1,330,478323.009,6772149.506,238.028,478323.009,6772149.506,228.728,4.5,5,229,9.3,0,130.523,1.5,1223,9.3,282
S4_226_401_V1,331,478326.258,6772153.307,238.018,478326.258,6772153.307,228.218,4.5,5,229,9.8,0,130.523,1.5,1298,9.8,307
S4_226_401_V1,332,478329.507,6772157.107,238.066,478329.507,6772157.107,227.766,4.5,5,229,10.3,0,130.523,1.5,1373,10.3,335
S4_226_401_V1,333,478332.755,6772160.908,238.111,478332.755,6772160.908,227.311,4.5,5,229,10.8,0,130.523,1.5,1448,10.8,360
S4_226_401_V1,334,478336.014,6772164.700,238.106,478336.014,6772164.700,226.806,4.5,5,229,11.3,0,132.752,1.5,1523,11.3,386
S4_226_401_V1,335,478339.409,6772168.371,238.191,478339.409,6772168.371,226.291,4.5,5,229,11.9,0,132.752,1.5,1596,11.9,416
S4_226_401_V1,336,478342.803,6772172.043,238.212,478342.803,6772172.043,225.812,4.5,5,229,12.4,0,132.752,1.5,1669,12.4,445
S4_226_401_V1,337,478346.059,6772175.837,238.272,478346.059,6772175.837,225.372,4.5,5,229,12.9,0,128.853,1.5,1744,12.9,470
S4_226_401_V1,338,478349.165,6772179.755,238.354,478349.165,6772179.755,224.854,4.5,5,229,13.5,0,127.465,1.5,1821,13.5,501
S4_226_401_V1,339,478352.317,6772183.637,238.377,478352.317,6772183.637,224.477,4.5,5,229,13.9,0,130.416,1.5,1897,13.9,521
S4_226_401_V1,340,478355.558,6772187.444,238.279,478355.558,6772187.444,224.479,4.5,5,229,13.8,0,130.405,1.5,1972,13.8,516
S4_226_401_V1,341,478358.799,6772191.251,238.264,478358.799,6772191.251,224.464,4.5,5,229,13.8,0,130.405,1.5,2047,13.8,516
S4_226_401_V1,342,478362.040,6772195.059,238.330,478362.040,6772195.059,224.530,4.5,5,229,13.8,0,130.405,1.5,2122,13.8,516
S4_226_401_V1,343,478365.281,6772198.866,238.381,478365.281,6772198.866,224.481,4.5,5,229,13.9,0,130.405,1.5,2197,13.9,521
S4_226_401_V1,344,478368.522,6772202.673,238.380,478368.522,6772202.673,224.480,4.5,5,229,13.9,0,130.405,1.5,2273,13.9,521
S4_226_401_V1,345,478371.262,6772205.874,238.352,478371.262,6772205.874,224.452,4.5,5,229,13.9,0,130.405,1.5,2336,13.9,521
S4_226_401_V1,346,478374.002,6772209.111,238.307,478374.002,6772209.111,224.507,4.5,5,229,13.8,0,130.405,1.5,2405,13.8,516
S4_226_401_V1,347,478295.667,6772154.654,238.140,478295.667,6772154.654,219.940,4.5,5,229,18.2,0,318.04,1.5,1341,18.2,723
S4_226_401_V1,348,478299.385,6772157.997,238.218,478299.385,6772157.997,220.418,4.5,5,229,17.8,0,318.04,1.5,1251,17.8,703
S4_226_401_V1,349,478303.103,6772161.340,238.283,478303.103,6772161.340,220.883,4.5,5,229,17.4,0,318.04,1.5,1161,17.4,683
S4_226_401_V1,350,478306.821,6772164.683,238.248,478306.821,6772164.683,221.348,4.5,5,229,16.9,0,318.04,1.5,1111,16.9,653
S4_226_401_V1,351,478310.539,6772168.026,238.086,478310.539,6772168.026,221.886,4.5,5,229,16.2,0,318.04,1.5,1201,16.2,618
S4_226_401_V1,352,478314.257,6772171.369,238.116,478314.257,6772171.369,222.416,4.5,5,229,15.7,0,318.04,1.5,1291,15.7,594
S4_226_401_V1,353,478317.970,6772174.719,238.175,478317.970,6772174.719,222.875,4.5,5,229,15.3,0,317.407,1.5,1380,15.3,574
S4_226_401_V1,354,478321.650,6772178.103,238.296,478321.650,6772178.103,223.396,4.5,5,229,14.9,0,317.407,1.5,1470,14.9,549
S4_226_401_V1,355,478325.331,6772181.487,238.206,478325.331,6772181.487,223.806,4.5,5,229,14.4,0,317.407,1.5,1559,14.4,525
S4_226_401_V1,356,478329.012,6772184.871,238.271,478329.012,6772184.871,224.371,4.5,5,229,13.9,0,317.407,1.5,1669,13.9,496
S4_226_401_V1,357,478312.686,6772198.931,238.344,478312.686,6772198.931,224.244,4.5,5,229,14.1,0,317.407,1.5,1660,14.1,506
S4_226_401_V1,358,478309.005,6772195.547,238.326,478309.005,6772195.547,223.826,4.5,5,229,14.5,0,317.407,1.5,1570,14.5,530
S4_226_401_V1,359,478305.325,6772192.163,238.786,478305.325,6772192.163,223.386,4.5,5,229,15.4,0,317.407,1.5,1479,15.4,579
S4_226_401_V1,360,478301.630,6772188.794,238.822,478301.630,6772188.794,222.922,4.5,5,229,15.9,0,318.04,1.5,1388,15.9,603
S4_226_401_V1,361,478297.912,6772185.451,238.585,478297.912,6772185.451,222.385,4.5,5,229,16.2,0,318.04,1.5,1298,16.2,618
S4_226_401_V1,362,478294.194,6772182.108,238.452,478294.194,6772182.108,221.852,4.5,5,229,16.6,0,318.04,1.5,1208,16.6,638
S4_226_401_V1,363,478290.476,6772178.765,238.372,478290.476,6772178.765,221.372,4.5,5,229,17,0,318.04,1.5,1177,17,658
S4_226_401_V1,364,478286.758,6772175.422,238.109,478286.758,6772175.422,220.909,4.5,5,229,17.2,0,318.04,1.5,1267,17.2,673
S4_226_401_V1,365,478283.040,6772172.079,238.311,478283.040,6772172.079,220.411,4.5,5,229,17.9,0,318.04,1.5,1357,17.9,708
S4_226_401_V1,366,478290.769,6772156.302,238.028,478290.769,6772156.302,219.728,4.1,5,229,18.3,0,318.04,1.5,1346,18.3,713
S4_226_401_V1,367,478294.487,6772159.645,238.061,478294.487,6772159.645,220.161,4.1,5,229,17.9,0,318.04,1.5,1256,17.9,693
S4_226_401_V1,368,478298.205,6772162.988,238.136,478298.205,6772162.988,220.736,4.1,5,229,17.4,0,318.04,1.5,1166,17.4,663
S4_226_401_V1,369,478301.923,6772166.331,238.166,478301.923,6772166.331,221.166,4.1,5,229,17,0,318.04,1.5,1076,17,643
S4_226_401_V1,370,478305.641,6772169.674,238.251,478305.641,6772169.674,221.651,4.1,5,229,16.6,0,318.04,1.5,1114,16.6,623
S4_226_401_V1,371,478309.359,6772173.017,238.208,478309.359,6772173.017,222.208,4.1,5,229,16,0,318.04,1.5,1204,16,594
S4_226_401_V1,372,478313.077,6772176.360,238.194,478313.077,6772176.360,222.694,4.1,5,229,15.5,0,318.04,1.5,1294,15.5,569
S4_226_401_V1,373,478316.771,6772179.730,238.260,478316.771,6772179.730,223.160,4.1,5,229,15.1,0,317.407,1.5,1384,15.1,545
S4_226_401_V1,374,478320.452,6772183.114,238.252,478320.452,6772183.114,223.652,4.1,5,229,14.6,0,317.407,1.5,1474,14.6,520
S4_226_401_V1,375,478324.133,6772186.498,238.262,478324.133,6772186.498,224.162,4.1,5,229,14.1,0,317.407,1.5,1563,14.1,491
S4_226_401_V1,376,478323.124,6772191.276,238.398,478323.124,6772191.276,224.398,4.1,5,229,14,0,317.407,1.5,1589,14,487
S4_226_401_V1,377,478319.443,6772187.892,238.260,478319.443,6772187.892,223.860,4.1,5,229,14.4,0,317.407,1.5,1479,14.4,506
S4_226_401_V1,378,478315.762,6772184.508,238.209,478315.762,6772184.508,223.409,4.1,5,229,14.8,0,317.407,1.5,1390,14.8,530
S4_226_401_V1,379,478312.082,6772181.124,238.201,478312.082,6772181.124,223.001,4.1,5,229,15.2,0,317.407,1.5,1300,15.2,549
S4_226_401_V1,380,478308.369,6772177.775,238.276,478308.369,6772177.775,222.476,4.1,5,229,15.8,0,318.04,1.5,1211,15.8,584
S4_226_401_V1,381,478304.651,6772174.431,238.214,478304.651,6772174.431,222.014,4.1,5,229,16.2,0,318.04,1.5,1121,16.2,603
S4_226_401_V1,382,478300.933,6772171.088,238.239,478300.933,6772171.088,221.439,4.1,5,229,16.8,0,318.04,1.5,1031,16.8,633
S4_226_401_V1,383,478297.215,6772167.745,238.177,478297.215,6772167.745,220.977,4.1,5,229,17.2,0,318.04,1.5,1084,17.2,653
S4_226_401_V1,384,478293.497,6772164.402,238.029,478293.497,6772164.402,220.529,4.1,5,229,17.5,0,318.04,1.5,1174,17.5,673
S4_226_401_V1,385,478289.779,6772161.059,238.024,478289.779,6772161.059,220.024,4.1,5,229,18,0,318.04,1.5,1264,18,698
S4_226_401_V1,386,478288.928,6772165.674,238.078,478288.928,6772165.674,220.278,4.1,5,229,17.8,0,318.04,1.5,1251,17.8,688
S4_226_401_V1,387,478292.646,6772169.017,238.024,478292.646,6772169.017,220.824,4.1,5,229,17.2,0,318.04,1.5,1161,17.2,653
S4_226_401_V1,388,478296.364,6772172.360,238.112,478296.364,6772172.360,221.312,4.1,5,229,16.8,0,318.04,1.5,1071,16.8,633
S4_226_401_V1,389,478300.082,6772175.703,238.325,478300.082,6772175.703,221.825,4.1,5,229,16.5,0,318.04,1.5,1106,16.5,618
S4_226_401_V1,390,478303.800,6772179.046,238.167,478303.800,6772179.046,222.267,4.1,5,229,15.9,0,318.04,1.5,1196,15.9,589
S4_226_401_V1,391,478307.518,6772182.389,237.998,478307.518,6772182.389,222.798,4.1,5,229,15.2,0,318.04,1.5,1286,15.2,549
S4_226_401_V1,392,478311.213,6772185.758,238.080,478311.213,6772185.758,223.280,4.1,5,229,14.8,0,317.407,1.5,1376,14.8,530
S4_226_401_V1,393,478314.893,6772189.142,238.155,478314.893,6772189.142,223.655,4.1,5,229,14.5,0,317.407,1.5,1467,14.5,515
S4_226_401_V1,394,478318.574,6772192.526,238.374,478318.574,6772192.526,224.174,4.1,5,229,14.2,0,317.407,1.5,1558,14.2,496
S4_226_401_V1,395,478317.566,6772197.304,238.507,478317.566,6772197.304,224.407,4.1,5,229,14.1,0,317.407,1.5,1672,14.1,491
S4_226_401_V1,396,478313.885,6772193.920,238.263,478313.885,6772193.920,223.963,4.1,5,229,14.3,0,317.407,1.5,1562,14.3,501
S4_226_401_V1,397,478310.204,6772190.536,238.181,478310.204,6772190.536,223.481,4.1,5,229,14.7,0,317.407,1.5,1471,14.7,525
S4_226_401_V1,398,478306.523,6772187.152,238.510,478306.523,6772187.152,223.110,4.1,5,229,15.4,0,317.407,1.5,1380,15.4,559
S4_226_401_V1,399,478302.810,6772183.803,238.388,478302.810,6772183.803,222.588,4.1,5,229,15.8,0,318.04,1.5,1290,15.8,584
S4_226_401_V1,400,478299.092,6772180.460,238.371,478299.092,6772180.460,222.071,4.1,5,229,16.3,0,318.04,1.5,1200,16.3,608
S4_226_401_V1,401,478295.374,6772177.117,238.266,478295.374,6772177.117,221.566,4.1,5,229,16.7,0,318.04,1.5,1110,16.7,628
S4_226_401_V1,402,478291.656,6772173.774,238.279,478291.656,6772173.774,221.079,4.1,5,229,17.2,0,318.04,1.5,1167,17.2,653
S4_226_401_V1,403,478287.938,6772170.431,238.189,478287.938,6772170.431,220.589,4.1,5,229,17.6,0,318.04,1.5,1257,17.6,678
S4_226_401_V1,404,478284.220,6772167.088,238.268,478284.220,6772167.088,220.068,4.1,5,229,18.2,0,318.04,1.5,1347,18.2,708
