CH01_5420_114,hole,1,9349.2940,19273.0010,5424.9510,9349.2940,19273.0010,5420.4510,127.0000,Production,CH01_5420_114:::1,1603,red
CH01_5420_114,hole,2,9350.7630,19268.6420,5424.8710,9350.7630,19268.6420,5420.4710,127.0000,Production,CH01_5420_114:::2,1578,red
CH01_5420_114,hole,3,9352.2320,19264.2820,5424.8100,9352.2320,19264.2820,5420.5100,127.0000,Production,CH01_5420_114:::3,1511,red
CH01_5420_114,hole,4,9353.7010,19259.9230,5424.8450,9353.7010,19259.9230,5420.5450,127.0000,Production,CH01_5420_114:::4,1486,red
CH01_5420_114,hole,5,9355.1690,19255.5640,5424.8680,9355.1690,19255.5640,5420.4680,127.0000,Production,CH01_5420_114:::5,1461,red
CH01_5420_114,hole,6,9356.6380,19251.2050,5424.9130,9356.6380,19251.2050,5420.5130,127.0000,Production,CH01_5420_114:::6,1436,red
CH01_5420_114,hole,7,9358.1070,19246.8460,5425.0090,9358.1070,19246.8460,5420.5090,127.0000,Production,CH01_5420_114:::7,1411,red
CH01_5420_114,hole,8,9359.5760,19242.4860,5425.0240,9359.5760,19242.4860,5420.5240,127.0000,Production,CH01_5420_114:::8,1386,red
CH01_5420_114,hole,9,9361.0440,19238.1270,5425.0290,9361.0440,19238.1270,5420.5290,127.0000,Production,CH01_5420_114:::9,1361,red
CH01_5420_114,hole,10,9362.5130,19233.7680,5425.0590,9362.5130,19233.7680,5420.4590,127.0000,Production,CH01_5420_114:::10,1336,red
CH01_5420_114,hole,11,9363.9820,19229.4090,5425.1150,9363.9820,19229.4090,5420.5150,127.0000,Production,CH01_5420_114:::11,1311,red
CH01_5420_114,hole,12,9365.4510,19225.0500,5425.1850,9365.4510,19225.0500,5420.4850,127.0000,Production,CH01_5420_114:::12,1286,red
CH01_5420_114,hole,13,9366.9200,19220.6900,5425.2970,9366.9200,19220.6900,5420.4970,127.0000,Production,CH01_5420_114:::13,1261,red
CH01_5420_114,hole,14,9368.3880,19216.3310,5425.4020,9368.3880,19216.3310,5420.5020,127.0000,Production,CH01_5420_114:::14,1236,red
CH01_5420_114,hole,15,9369.8570,19211.9720,5425.4000,9369.8570,19211.9720,5420.5000,127.0000,Production,CH01_5420_114:::15,1211,red
CH01_5420_114,hole,16,9371.3260,19207.6130,5425.3690,9371.3260,19207.6130,5420.4690,127.0000,Production,CH01_5420_114:::16,1186,red
CH01_5420_114,hole,17,9372.7950,19203.2540,5425.3160,9372.7950,19203.2540,5420.5160,127.0000,Production,CH01_5420_114:::17,1161,red
CH01_5420_114,hole,18,9377.4760,19203.4430,5425.1830,9377.4760,19203.4430,5420.4830,127.0000,Production,CH01_5420_114:::18,1069,red
CH01_5420_114,hole,19,9375.8510,19206.7100,5425.1880,9375.8510,19206.7100,5420.4880,127.0000,Production,CH01_5420_114:::19,1094,red
CH01_5420_114,hole,20,9374.3820,19211.0700,5425.2270,9374.3820,19211.0700,5420.5270,127.0000,Production,CH01_5420_114:::20,1119,red
CH01_5420_114,hole,21,9372.9130,19215.4290,5425.2230,9372.9130,19215.4290,5420.5230,127.0000,Production,CH01_5420_114:::21,1144,red
CH01_5420_114,hole,22,9371.4450,19219.7880,5425.2060,9371.4450,19219.7880,5420.5060,127.0000,Production,CH01_5420_114:::22,1169,red
CH01_5420_114,hole,23,9369.9760,19224.1470,5425.1730,9369.9760,19224.1470,5420.4730,127.0000,Production,CH01_5420_114:::23,1194,red
CH01_5420_114,hole,24,9368.5070,19228.5060,5425.0960,9368.5070,19228.5060,5420.4960,127.0000,Production,CH01_5420_114:::24,1219,red
CH01_5420_114,hole,25,9367.0380,19232.8660,5425.0480,9367.0380,19232.8660,5420.5480,127.0000,Production,CH01_5420_114:::25,1244,red
CH01_5420_114,hole,26,9365.5690,19237.2250,5425.0590,9365.5690,19237.2250,5420.4590,127.0000,Production,CH01_5420_114:::26,1269,red
CH01_5420_114,hole,27,9364.1010,19241.5840,5425.0370,9364.1010,19241.5840,5420.5370,127.0000,Production,CH01_5420_114:::27,1294,red
CH01_5420_114,hole,28,9362.6320,19245.9430,5424.9930,9362.6320,19245.9430,5420.4930,127.0000,Production,CH01_5420_114:::28,1319,red
CH01_5420_114,hole,29,9361.1630,19250.3020,5424.9550,9361.1630,19250.3020,5420.4550,127.0000,Production,CH01_5420_114:::29,1344,red
CH01_5420_114,hole,30,9359.6940,19254.6620,5424.9240,9359.6940,19254.6620,5420.5240,127.0000,Production,CH01_5420_114:::30,1369,red
CH01_5420_114,hole,31,9358.2260,19259.0210,5424.8660,9358.2260,19259.0210,5420.4660,127.0000,Production,CH01_5420_114:::31,1394,red
CH01_5420_114,hole,32,9356.7570,19263.3800,5424.8240,9356.7570,19263.3800,5420.5240,127.0000,Production,CH01_5420_114:::32,1419,red
CH01_5420_114,hole,33,9355.2880,19267.7390,5424.8320,9355.2880,19267.7390,5420.5320,127.0000,Production,CH01_5420_114:::33,1444,red
CH01_5420_114,hole,34,9353.8190,19272.0980,5424.8200,9353.8190,19272.0980,5420.5200,127.0000,Production,CH01_5420_114:::34,1511,red
CH01_5420_114,hole,35,9352.5010,19275.3310,5424.8710,9352.5010,19275.3310,5420.4710,127.0000,Production,CH01_5420_114:::35,1536,red
CH01_5420_114,hole,36,9356.8740,19275.6020,5424.8610,9356.8740,19275.6020,5420.4610,127.0000,Production,CH01_5420_114:::36,1444,red
CH01_5420_114,hole,37,9358.3440,19271.1960,5424.8460,9358.3440,19271.1960,5420.5460,127.0000,Production,CH01_5420_114:::37,1377,red
CH01_5420_114,hole,38,9359.8130,19266.8370,5424.8690,9359.8130,19266.8370,5420.4690,127.0000,Production,CH01_5420_114:::38,1352,red
CH01_5420_114,hole,39,9361.2820,19262.4780,5424.8750,9361.2820,19262.4780,5420.4750,127.0000,Production,CH01_5420_114:::39,1327,red
CH01_5420_114,hole,40,9362.7510,19258.1180,5424.9090,9362.7510,19258.1180,5420.5090,127.0000,Production,CH01_5420_114:::40,1302,red
CH01_5420_114,hole,41,9364.2190,19253.7590,5424.9410,9364.2190,19253.7590,5420.5410,127.0000,Production,CH01_5420_114:::41,1277,red
CH01_5420_114,hole,42,9365.6880,19249.4000,5425.0050,9365.6880,19249.4000,5420.5050,127.0000,Production,CH01_5420_114:::42,1252,red
CH01_5420_114,hole,43,9367.1570,19245.0410,5425.0650,9367.1570,19245.0410,5420.4650,127.0000,Production,CH01_5420_114:::43,1227,red
CH01_5420_114,hole,44,9368.6260,19240.6820,5425.1030,9368.6260,19240.6820,5420.5030,127.0000,Production,CH01_5420_114:::44,1202,red
CH01_5420_114,hole,45,9370.0940,19236.3220,5425.0930,9370.0940,19236.3220,5420.4930,127.0000,Production,CH01_5420_114:::45,1177,red
CH01_5420_114,hole,46,9371.5630,19231.9630,5425.0940,9371.5630,19231.9630,5420.4940,127.0000,Production,CH01_5420_114:::46,1152,red
CH01_5420_114,hole,47,9373.0320,19227.6040,5425.1760,9373.0320,19227.6040,5420.4760,127.0000,Production,CH01_5420_114:::47,1127,red
CH01_5420_114,hole,48,9374.5010,19223.2450,5425.1910,9374.5010,19223.2450,5420.4910,127.0000,Production,CH01_5420_114:::48,1102,red
CH01_5420_114,hole,49,9375.9700,19218.8860,5425.2230,9375.9700,19218.8860,5420.5230,127.0000,Production,CH01_5420_114:::49,1077,red
CH01_5420_114,hole,50,9377.4380,19214.5260,5425.2170,9377.4380,19214.5260,5420.5170,127.0000,Production,CH01_5420_114:::50,1052,red
CH01_5420_114,hole,51,9378.9070,19210.1670,5425.1890,9378.9070,19210.1670,5420.4890,127.0000,Production,CH01_5420_114:::51,1027,red
CH01_5420_114,hole,52,9380.3760,19205.8080,5425.1760,9380.3760,19205.8080,5420.4760,127.0000,Production,CH01_5420_114:::52,1002,red
CH01_5420_114,hole,53,9384.9010,19204.9060,5425.1860,9384.9010,19204.9060,5419.4860,127.0000,Production,CH01_5420_114:::53,910,red
CH01_5420_114,hole,54,9383.4320,19209.2650,5425.1870,9383.4320,19209.2650,5419.4870,127.0000,Production,CH01_5420_114:::54,935,red
CH01_5420_114,hole,55,9381.9630,19213.6240,5425.2010,9381.9630,19213.6240,5419.5010,127.0000,Production,CH01_5420_114:::55,960,red
CH01_5420_114,hole,56,9380.4950,19217.9830,5425.2310,9380.4950,19217.9830,5419.5310,127.0000,Production,CH01_5420_114:::56,985,red
CH01_5420_114,hole,57,9379.0260,19222.3420,5425.2490,9379.0260,19222.3420,5419.5490,127.0000,Production,CH01_5420_114:::57,1010,red
CH01_5420_114,hole,58,9377.5570,19226.7020,5425.2090,9377.5570,19226.7020,5419.5090,127.0000,Production,CH01_5420_114:::58,1035,red
CH01_5420_114,hole,59,9376.0880,19231.0610,5425.1520,9376.0880,19231.0610,5419.4520,127.0000,Production,CH01_5420_114:::59,1060,red
CH01_5420_114,hole,60,9374.6190,19235.4200,5425.1590,9374.6190,19235.4200,5419.4590,127.0000,Production,CH01_5420_114:::60,1085,red
CH01_5420_114,hole,61,9373.1510,19239.7790,5425.1300,9373.1510,19239.7790,5419.5300,127.0000,Production,CH01_5420_114:::61,1110,red
CH01_5420_114,hole,62,9371.6820,19244.1380,5425.1850,9371.6820,19244.1380,5419.4850,127.0000,Production,CH01_5420_114:::62,1135,red
CH01_5420_114,hole,63,9370.2130,19248.4980,5425.1130,9370.2130,19248.4980,5419.5130,127.0000,Production,CH01_5420_114:::63,1160,red
CH01_5420_114,hole,64,9368.7440,19252.8570,5425.0660,9368.7440,19252.8570,5419.4660,127.0000,Production,CH01_5420_114:::64,1185,red
CH01_5420_114,hole,65,9367.2760,19257.2160,5425.0080,9367.2760,19257.2160,5419.5080,127.0000,Production,CH01_5420_114:::65,1210,red
CH01_5420_114,hole,66,9365.8070,19261.5750,5424.9590,9365.8070,19261.5750,5419.4590,127.0000,Production,CH01_5420_114:::66,1235,red
CH01_5420_114,hole,67,9364.3380,19265.9340,5424.8870,9364.3380,19265.9340,5419.4870,127.0000,Production,CH01_5420_114:::67,1260,red
CH01_5420_114,hole,68,9362.8690,19270.2940,5424.9030,9362.8690,19270.2940,5419.5030,127.0000,Production,CH01_5420_114:::68,1285,red
CH01_5420_114,hole,69,9361.5170,19273.8930,5424.9230,9361.5170,19273.8930,5419.5230,127.0000,Production,CH01_5420_114:::69,1310,red
CH01_5420_114,hole,70,9360.6190,19276.2310,5424.9330,9360.0457,19277.5622,5419.5238,127.0000,Production,CH01_5420_114:::70,1377,red
CH01_5420_114,hole,71,9365.0460,19276.7410,5425.0620,9364.4522,19278.1197,5419.4596,127.0000,Production,CH01_5420_114:::71,1243,red
CH01_5420_114,hole,72,9365.9250,19273.7500,5425.0480,9365.9250,19273.7500,5419.5480,127.0000,Production,CH01_5420_114:::72,1218,red
CH01_5420_114,hole,73,9367.3940,19269.3910,5425.0260,9367.3940,19269.3910,5419.5260,127.0000,Production,CH01_5420_114:::73,1193,red
CH01_5420_114,hole,74,9368.8630,19265.0320,5425.0290,9368.8630,19265.0320,5419.5290,127.0000,Production,CH01_5420_114:::74,1168,red
CH01_5420_114,hole,75,9370.3320,19260.6730,5425.0910,9370.3320,19260.6730,5419.4910,127.0000,Production,CH01_5420_114:::75,1143,red
CH01_5420_114,hole,76,9371.8010,19256.3140,5425.1360,9371.8010,19256.3140,5419.5360,127.0000,Production,CH01_5420_114:::76,1118,red
CH01_5420_114,hole,77,9373.2690,19251.9540,5425.2350,9373.2690,19251.9540,5419.5350,127.0000,Production,CH01_5420_114:::77,1093,red
CH01_5420_114,hole,78,9374.7380,19247.5950,5425.2610,9374.7380,19247.5950,5419.4610,127.0000,Production,CH01_5420_114:::78,1068,red
CH01_5420_114,hole,79,9376.2070,19243.2360,5425.2280,9376.2070,19243.2360,5419.5280,127.0000,Production,CH01_5420_114:::79,1043,red
CH01_5420_114,hole,80,9377.6760,19238.8770,5425.2120,9377.6760,19238.8770,5419.5120,127.0000,Production,CH01_5420_114:::80,1018,red
CH01_5420_114,hole,81,9379.1450,19234.5180,5425.1860,9379.1450,19234.5180,5419.4860,127.0000,Production,CH01_5420_114:::81,993,red
CH01_5420_114,hole,82,9380.6130,19230.1580,5425.1640,9380.6130,19230.1580,5419.4640,127.0000,Production,CH01_5420_114:::82,968,red
CH01_5420_114,hole,83,9382.0820,19225.7990,5425.1990,9382.0820,19225.7990,5419.4990,127.0000,Production,CH01_5420_114:::83,943,red
CH01_5420_114,hole,84,9383.5510,19221.4400,5425.2300,9383.5510,19221.4400,5419.5300,127.0000,Production,CH01_5420_114:::84,918,red
CH01_5420_114,hole,85,9385.0200,19217.0810,5425.2240,9385.0200,19217.0810,5419.5240,127.0000,Production,CH01_5420_114:::85,893,red
CH01_5420_114,hole,86,9386.4880,19212.7220,5425.2320,9386.4880,19212.7220,5419.5320,127.0000,Production,CH01_5420_114:::86,868,red
CH01_5420_114,hole,87,9387.9570,19208.3620,5425.2560,9387.9570,19208.3620,5419.4560,127.0000,Production,CH01_5420_114:::87,843,red
CH01_5420_114,hole,88,9389.1660,19204.9390,5425.2540,9389.1660,19204.9390,5419.4540,127.0000,Production,CH01_5420_114:::88,818,red
CH01_5420_114,hole,89,9392.8250,19205.3040,5425.2080,9393.3951,19203.8874,5419.5090,127.0000,Production,CH01_5420_114:::89,726,red
CH01_5420_114,hole,90,9392.4820,19207.4600,5425.2310,9392.4820,19207.4600,5419.5310,127.0000,Production,CH01_5420_114:::90,751,red
CH01_5420_114,hole,91,9391.0130,19211.8190,5425.2930,9391.0130,19211.8190,5419.4930,127.0000,Production,CH01_5420_114:::91,776,red
CH01_5420_114,hole,92,9389.5450,19216.1780,5425.2430,9389.5450,19216.1780,5419.5430,127.0000,Production,CH01_5420_114:::92,801,red
CH01_5420_114,hole,93,9388.0760,19220.5380,5425.1860,9388.0760,19220.5380,5419.4860,127.0000,Production,CH01_5420_114:::93,826,red
CH01_5420_114,hole,94,9386.6070,19224.8970,5425.1420,9386.6070,19224.8970,5419.5420,127.0000,Production,CH01_5420_114:::94,851,red
CH01_5420_114,hole,95,9385.1380,19229.2560,5425.0710,9385.1380,19229.2560,5419.4710,127.0000,Production,CH01_5420_114:::95,876,red
CH01_5420_114,hole,96,9383.6700,19233.6150,5425.0100,9383.6700,19233.6150,5419.5100,127.0000,Production,CH01_5420_114:::96,901,red
CH01_5420_114,hole,97,9382.2010,19237.9740,5425.0910,9382.2010,19237.9740,5419.4910,127.0000,Production,CH01_5420_114:::97,926,red
CH01_5420_114,hole,98,9380.7320,19242.3340,5425.1760,9380.7320,19242.3340,5419.4760,127.0000,Production,CH01_5420_114:::98,951,red
CH01_5420_114,hole,99,9379.2630,19246.6930,5425.2200,9379.2630,19246.6930,5419.5200,127.0000,Production,CH01_5420_114:::99,976,red
CH01_5420_114,hole,100,9377.7940,19251.0520,5425.2230,9377.7940,19251.0520,5419.5230,127.0000,Production,CH01_5420_114:::100,1001,red
CH01_5420_114,hole,101,9376.3260,19255.4110,5425.1700,9376.3260,19255.4110,5419.4700,127.0000,Production,CH01_5420_114:::101,1026,red
CH01_5420_114,hole,102,9374.8570,19259.7700,5425.1490,9374.8570,19259.7700,5419.5490,127.0000,Production,CH01_5420_114:::102,1051,red
CH01_5420_114,hole,103,9373.3880,19264.1300,5425.1570,9373.3880,19264.1300,5419.4570,127.0000,Production,CH01_5420_114:::103,1076,red
CH01_5420_114,hole,104,9371.9190,19268.4890,5425.1290,9371.9190,19268.4890,5419.5290,127.0000,Production,CH01_5420_114:::104,1101,red
CH01_5420_114,hole,105,9370.4500,19272.8480,5425.0630,9370.4500,19272.8480,5419.4630,127.0000,Production,CH01_5420_114:::105,1126,red
CH01_5420_114,hole,106,9368.9820,19277.2070,5425.0230,9368.9820,19277.2070,5419.5230,127.0000,Production,CH01_5420_114:::106,1151,red
CH01_5420_114,hole,107,9373.9560,19275.6620,5425.1090,9373.9560,19275.6620,5419.5090,127.0000,Production,CH01_5420_114:::107,1059,red
CH01_5420_114,hole,108,9374.9750,19271.9460,5425.0960,9374.9750,19271.9460,5419.4960,127.0000,Production,CH01_5420_114:::108,1034,red
CH01_5420_114,hole,109,9376.4440,19267.5860,5425.1030,9376.4440,19267.5860,5419.5030,127.0000,Production,CH01_5420_114:::109,1009,red
CH01_5420_114,hole,110,9377.9130,19263.2270,5425.0990,9377.9130,19263.2270,5419.4990,127.0000,Production,CH01_5420_114:::110,984,red
CH01_5420_114,hole,111,9379.3820,19258.8680,5425.1390,9379.3820,19258.8680,5419.5390,127.0000,Production,CH01_5420_114:::111,959,red
CH01_5420_114,hole,112,9380.8510,19254.5090,5425.0630,9380.8510,19254.5090,5419.4630,127.0000,Production,CH01_5420_114:::112,934,red
CH01_5420_114,hole,113,9382.3190,19250.1500,5425.0670,9382.3190,19250.1500,5419.4670,127.0000,Production,CH01_5420_114:::113,909,red
CH01_5420_114,hole,114,9383.7880,19245.7900,5425.0060,9383.7880,19245.7900,5419.5060,127.0000,Production,CH01_5420_114:::114,884,red
CH01_5420_114,hole,115,9385.2570,19241.4310,5424.9610,9385.2570,19241.4310,5419.4610,127.0000,Production,CH01_5420_114:::115,859,red
CH01_5420_114,hole,116,9386.7260,19237.0720,5424.9900,9386.7260,19237.0720,5419.4900,127.0000,Production,CH01_5420_114:::116,834,red
CH01_5420_114,hole,117,9388.1950,19232.7130,5424.9630,9388.1950,19232.7130,5419.4630,127.0000,Production,CH01_5420_114:::117,809,red
CH01_5420_114,hole,118,9389.6630,19228.3540,5424.9870,9389.6630,19228.3540,5419.4870,127.0000,Production,CH01_5420_114:::118,784,red
CH01_5420_114,hole,119,9391.1320,19223.9940,5425.0740,9391.1320,19223.9940,5419.4740,127.0000,Production,CH01_5420_114:::119,759,red
CH01_5420_114,hole,120,9392.6010,19219.6350,5425.2160,9392.6010,19219.6350,5419.5160,127.0000,Production,CH01_5420_114:::120,734,red
CH01_5420_114,hole,121,9394.0700,19215.2760,5425.3450,9394.0700,19215.2760,5419.5450,127.0000,Production,CH01_5420_114:::121,709,red
CH01_5420_114,hole,122,9395.5380,19210.9170,5425.2370,9395.5380,19210.9170,5419.5370,127.0000,Production,CH01_5420_114:::122,684,red
CH01_5420_114,hole,123,9397.0070,19206.5580,5425.1510,9397.0070,19206.5580,5419.4510,127.0000,Production,CH01_5420_114:::123,659,red
CH01_5420_114,hole,124,9401.5320,19205.6550,5425.1380,9401.5320,19205.6550,5419.5380,127.0000,Production,CH01_5420_114:::124,567,red
CH01_5420_114,hole,125,9400.0630,19210.0140,5425.1970,9400.0630,19210.0140,5419.4970,127.0000,Production,CH01_5420_114:::125,592,red
CH01_5420_114,hole,126,9398.5950,19214.3740,5425.2800,9398.5950,19214.3740,5419.4800,127.0000,Production,CH01_5420_114:::126,617,red
CH01_5420_114,hole,127,9397.1260,19218.7330,5425.2510,9397.1260,19218.7330,5419.4510,127.0000,Production,CH01_5420_114:::127,642,red
CH01_5420_114,hole,128,9395.6570,19223.0920,5425.1100,9395.6570,19223.0920,5419.5100,127.0000,Production,CH01_5420_114:::128,667,red
CH01_5420_114,hole,129,9394.1880,19227.4510,5424.9360,9394.1880,19227.4510,5419.5360,127.0000,Production,CH01_5420_114:::129,692,red
CH01_5420_114,hole,130,9392.7200,19231.8100,5424.8800,9392.7200,19231.8100,5419.4800,127.0000,Production,CH01_5420_114:::130,717,red
CH01_5420_114,hole,131,9391.2510,19236.1700,5424.9280,9391.2510,19236.1700,5419.5280,127.0000,Production,CH01_5420_114:::131,742,red
CH01_5420_114,hole,132,9389.7820,19240.5290,5424.8710,9389.7820,19240.5290,5419.4710,127.0000,Production,CH01_5420_114:::132,767,red
CH01_5420_114,hole,133,9388.3130,19244.8880,5424.9000,9388.3130,19244.8880,5419.5000,127.0000,Production,CH01_5420_114:::133,792,red
CH01_5420_114,hole,134,9386.8440,19249.2470,5424.9910,9386.8440,19249.2470,5419.4910,127.0000,Production,CH01_5420_114:::134,817,red
CH01_5420_114,hole,135,9385.3760,19253.6060,5425.0230,9385.3760,19253.6060,5419.5230,127.0000,Production,CH01_5420_114:::135,842,red
CH01_5420_114,hole,136,9383.9070,19257.9660,5425.0430,9383.9070,19257.9660,5419.5430,127.0000,Production,CH01_5420_114:::136,867,red
CH01_5420_114,hole,137,9382.4380,19262.3250,5425.0140,9382.4380,19262.3250,5419.5140,127.0000,Production,CH01_5420_114:::137,892,red
CH01_5420_114,hole,138,9380.9690,19266.6840,5425.1090,9380.9690,19266.6840,5419.5090,127.0000,Production,CH01_5420_114:::138,917,red
CH01_5420_114,hole,139,9379.5000,19271.0430,5425.1320,9379.5000,19271.0430,5419.5320,127.0000,Production,CH01_5420_114:::139,942,red
CH01_5420_114,hole,140,9378.0320,19275.4020,5425.1090,9378.0320,19275.4020,5419.5090,127.0000,Production,CH01_5420_114:::140,967,red
CH01_5420_114,hole,141,9377.1580,19278.3820,5425.1080,9376.5642,19279.7607,5419.5056,127.0000,Production,CH01_5420_114:::141,992,red
CH01_5420_114,hole,142,9373.1670,19277.7480,5425.0800,9372.5732,19279.1267,5419.4776,127.0000,Production,CH01_5420_114:::142,1084,red
CH01_5420_114,hole,143,9380.8060,19281.6550,5425.1130,9380.2122,19283.0337,5419.5106,127.0000,Production,CH01_5420_114:::143,950,red
CH01_5420_114,hole,144,9381.0880,19278.8590,5425.0790,9381.0880,19278.8590,5419.4790,127.0000,Production,CH01_5420_114:::144,925,red
CH01_5420_114,hole,145,9382.5570,19274.5000,5425.0150,9382.5570,19274.5000,5419.5150,127.0000,Production,CH01_5420_114:::145,900,red
CH01_5420_114,hole,146,9384.0250,19270.1410,5425.0510,9384.0250,19270.1410,5419.4510,127.0000,Production,CH01_5420_114:::146,875,red
CH01_5420_114,hole,147,9385.4940,19265.7820,5424.9220,9385.4940,19265.7820,5419.5220,127.0000,Production,CH01_5420_114:::147,850,red
CH01_5420_114,hole,148,9386.9630,19261.4220,5424.9060,9386.9630,19261.4220,5419.5060,127.0000,Production,CH01_5420_114:::148,825,red
CH01_5420_114,hole,149,9388.4320,19257.0630,5424.8940,9388.4320,19257.0630,5419.4940,127.0000,Production,CH01_5420_114:::149,800,red
CH01_5420_114,hole,150,9389.9010,19252.7040,5424.8500,9389.9010,19252.7040,5419.4500,127.0000,Production,CH01_5420_114:::150,775,red
CH01_5420_114,hole,151,9391.3690,19248.3450,5424.8340,9391.3690,19248.3450,5419.5340,127.0000,Production,CH01_5420_114:::151,750,red
CH01_5420_114,hole,152,9392.8380,19243.9860,5424.8180,9392.8380,19243.9860,5419.5180,127.0000,Production,CH01_5420_114:::152,725,red
CH01_5420_114,hole,153,9394.3070,19239.6260,5424.8040,9394.3070,19239.6260,5419.5040,127.0000,Production,CH01_5420_114:::153,700,red
CH01_5420_114,hole,154,9395.7760,19235.2670,5424.8390,9395.7760,19235.2670,5419.5390,127.0000,Production,CH01_5420_114:::154,675,red
CH01_5420_114,hole,155,9397.2450,19230.9080,5424.8730,9397.2450,19230.9080,5419.4730,127.0000,Production,CH01_5420_114:::155,650,red
CH01_5420_114,hole,156,9398.7130,19226.5490,5424.9810,9398.7130,19226.5490,5419.4810,127.0000,Production,CH01_5420_114:::156,625,red
CH01_5420_114,hole,157,9400.1820,19222.1900,5425.1370,9400.1820,19222.1900,5419.5370,127.0000,Production,CH01_5420_114:::157,600,red
CH01_5420_114,hole,158,9401.6510,19217.8300,5425.2180,9401.6510,19217.8300,5419.5180,127.0000,Production,CH01_5420_114:::158,575,red
CH01_5420_114,hole,159,9403.1200,19213.4710,5425.1770,9403.1200,19213.4710,5419.4770,127.0000,Production,CH01_5420_114:::159,550,red
CH01_5420_114,hole,160,9404.5880,19209.1120,5425.1900,9404.5880,19209.1120,5419.4900,127.0000,Production,CH01_5420_114:::160,525,red
CH01_5420_114,hole,161,9405.9530,19205.7930,5425.1780,9405.9530,19205.7930,5419.4780,127.0000,Production,CH01_5420_114:::161,500,red
CH01_5420_114,hole,162,9409.5750,19206.3790,5425.1110,9410.1354,19204.9864,5419.5086,127.0000,Production,CH01_5420_114:::162,567,red
CH01_5420_114,hole,163,9409.1130,19208.2100,5425.1480,9409.1130,19208.2100,5419.5480,127.0000,Production,CH01_5420_114:::163,592,red
CH01_5420_114,hole,164,9407.6450,19212.5690,5425.0650,9407.6450,19212.5690,5419.4650,127.0000,Production,CH01_5420_114:::164,617,red
CH01_5420_114,hole,165,9406.1760,19216.9280,5425.0750,9406.1760,19216.9280,5419.4750,127.0000,Production,CH01_5420_114:::165,642,red
CH01_5420_114,hole,166,9404.7070,19221.2870,5425.0770,9404.7070,19221.2870,5419.4770,127.0000,Production,CH01_5420_114:::166,667,red
CH01_5420_114,hole,167,9403.2380,19225.6460,5425.0140,9403.2380,19225.6460,5419.5140,127.0000,Production,CH01_5420_114:::167,692,red
CH01_5420_114,hole,168,9401.7700,19230.0060,5424.9610,9401.7700,19230.0060,5419.4610,127.0000,Production,CH01_5420_114:::168,717,red
CH01_5420_114,hole,169,9400.3010,19234.3650,5424.9210,9400.3010,19234.3650,5419.5210,127.0000,Production,CH01_5420_114:::169,742,red
CH01_5420_114,hole,170,9398.8320,19238.7240,5424.8710,9398.8320,19238.7240,5419.4710,127.0000,Production,CH01_5420_114:::170,767,red
CH01_5420_114,hole,171,9397.3630,19243.0830,5424.8210,9397.3630,19243.0830,5419.5210,127.0000,Production,CH01_5420_114:::171,792,red
CH01_5420_114,hole,172,9395.8940,19247.4420,5424.8350,9395.8940,19247.4420,5419.5350,127.0000,Production,CH01_5420_114:::172,817,red
CH01_5420_114,hole,173,9394.4260,19251.8020,5424.8690,9394.4260,19251.8020,5419.4690,127.0000,Production,CH01_5420_114:::173,842,red
CH01_5420_114,hole,174,9392.9570,19256.1610,5424.8590,9392.9570,19256.1610,5419.4590,127.0000,Production,CH01_5420_114:::174,867,red
CH01_5420_114,hole,175,9391.4880,19260.5200,5424.8400,9391.4880,19260.5200,5419.5400,127.0000,Production,CH01_5420_114:::175,892,red
CH01_5420_114,hole,176,9390.0190,19264.8790,5424.8280,9390.0190,19264.8790,5419.5280,127.0000,Production,CH01_5420_114:::176,917,red
CH01_5420_114,hole,177,9388.5500,19269.2380,5424.9420,9388.5500,19269.2380,5419.5420,127.0000,Production,CH01_5420_114:::177,942,red
CH01_5420_114,hole,178,9387.0820,19273.5980,5424.9360,9387.0820,19273.5980,5419.5360,127.0000,Production,CH01_5420_114:::178,967,red
CH01_5420_114,hole,179,9385.6130,19277.9570,5424.9520,9385.6130,19277.9570,5419.4520,127.0000,Production,CH01_5420_114:::179,992,red
CH01_5420_114,hole,180,9384.1440,19282.3160,5425.0370,9384.1440,19282.3160,5419.5370,127.0000,Production,CH01_5420_114:::180,1017,red
CH01_5420_114,hole,181,9383.2740,19285.2860,5425.1450,9382.6802,19286.6647,5419.5426,127.0000,Production,CH01_5420_114:::181,1042,red
CH01_5420_114,hole,182,9386.6350,19286.8170,5425.0160,9386.0515,19288.1720,5419.5102,127.0000,Production,CH01_5420_114:::182,1134,red
CH01_5420_114,hole,183,9387.6100,19284.7710,5424.9340,9387.6100,19284.7710,5419.5340,127.0000,Production,CH01_5420_114:::183,1109,red
CH01_5420_114,hole,184,9388.6690,19281.4140,5424.9720,9388.6690,19281.4140,5419.4720,127.0000,Production,CH01_5420_114:::184,1084,red
CH01_5420_114,hole,185,9390.1380,19277.0550,5424.9250,9390.1380,19277.0550,5419.5250,127.0000,Production,CH01_5420_114:::185,1059,red
CH01_5420_114,hole,186,9391.6070,19272.6950,5424.8960,9391.6070,19272.6950,5419.4960,127.0000,Production,CH01_5420_114:::186,1034,red
CH01_5420_114,hole,187,9393.0750,19268.3360,5424.8950,9393.0750,19268.3360,5419.4950,127.0000,Production,CH01_5420_114:::187,1009,red
CH01_5420_114,hole,188,9394.5440,19263.9770,5424.8420,9394.5440,19263.9770,5419.5420,127.0000,Production,CH01_5420_114:::188,984,red
CH01_5420_114,hole,189,9396.0130,19259.6180,5424.8320,9396.0130,19259.6180,5419.5320,127.0000,Production,CH01_5420_114:::189,959,red
CH01_5420_114,hole,190,9397.4820,19255.2580,5424.9000,9397.4820,19255.2580,5419.5000,127.0000,Production,CH01_5420_114:::190,934,red
CH01_5420_114,hole,191,9398.9510,19250.8990,5424.8170,9398.9510,19250.8990,5419.5170,127.0000,Production,CH01_5420_114:::191,909,red
CH01_5420_114,hole,192,9400.4190,19246.5400,5424.8560,9400.4190,19246.5400,5419.4560,127.0000,Production,CH01_5420_114:::192,884,red
CH01_5420_114,hole,193,9401.8880,19242.1810,5424.8960,9401.8880,19242.1810,5419.4960,127.0000,Production,CH01_5420_114:::193,859,red
CH01_5420_114,hole,194,9403.3570,19237.8220,5424.9580,9403.3570,19237.8220,5419.4580,127.0000,Production,CH01_5420_114:::194,834,red
CH01_5420_114,hole,195,9404.8260,19233.4620,5424.9600,9404.8260,19233.4620,5419.4600,127.0000,Production,CH01_5420_114:::195,809,red
CH01_5420_114,hole,196,9406.2950,19229.1030,5425.0060,9406.2950,19229.1030,5419.5060,127.0000,Production,CH01_5420_114:::196,784,red
CH01_5420_114,hole,197,9407.7630,19224.7440,5425.0130,9407.7630,19224.7440,5419.5130,127.0000,Production,CH01_5420_114:::197,759,red
CH01_5420_114,hole,198,9409.2320,19220.3850,5425.0050,9409.2320,19220.3850,5419.5050,127.0000,Production,CH01_5420_114:::198,734,red
CH01_5420_114,hole,199,9410.7010,19216.0260,5425.0170,9410.7010,19216.0260,5419.5170,127.0000,Production,CH01_5420_114:::199,709,red
CH01_5420_114,hole,200,9412.1700,19211.6660,5425.0380,9412.1700,19211.6660,5419.5380,127.0000,Production,CH01_5420_114:::200,684,red
CH01_5420_114,hole,201,9413.6390,19207.3070,5425.0530,9413.6390,19207.3070,5419.4530,127.0000,Production,CH01_5420_114:::201,659,red
CH01_5420_114,hole,202,9417.8000,19207.1330,5424.9110,9417.8000,19207.1330,5419.5110,127.0000,Production,CH01_5420_114:::202,726,red
CH01_5420_114,hole,203,9416.6950,19210.7640,5424.9840,9416.6950,19210.7640,5419.4840,127.0000,Production,CH01_5420_114:::203,751,red
CH01_5420_114,hole,204,9415.2260,19215.1230,5425.0110,9415.2260,19215.1230,5419.5110,127.0000,Production,CH01_5420_114:::204,776,red
CH01_5420_114,hole,205,9413.7570,19219.4820,5425.0130,9413.7570,19219.4820,5419.5130,127.0000,Production,CH01_5420_114:::205,801,red
CH01_5420_114,hole,206,9412.2880,19223.8420,5425.0150,9412.2880,19223.8420,5419.5150,127.0000,Production,CH01_5420_114:::206,826,red
CH01_5420_114,hole,207,9410.8200,19228.2010,5424.9520,9410.8200,19228.2010,5419.4520,127.0000,Production,CH01_5420_114:::207,851,red
CH01_5420_114,hole,208,9409.3510,19232.5600,5424.9910,9409.3510,19232.5600,5419.4910,127.0000,Production,CH01_5420_114:::208,876,red
CH01_5420_114,hole,209,9407.8820,19236.9190,5424.9730,9407.8820,19236.9190,5419.4730,127.0000,Production,CH01_5420_114:::209,901,red
CH01_5420_114,hole,210,9406.4130,19241.2780,5424.8650,9406.4130,19241.2780,5419.4650,127.0000,Production,CH01_5420_114:::210,926,red
CH01_5420_114,hole,211,9404.9440,19245.6380,5424.8560,9404.9440,19245.6380,5419.4560,127.0000,Production,CH01_5420_114:::211,951,red
CH01_5420_114,hole,212,9403.4760,19249.9970,5424.8370,9403.4760,19249.9970,5419.5370,127.0000,Production,CH01_5420_114:::212,976,red
CH01_5420_114,hole,213,9402.0070,19254.3560,5424.8300,9402.0070,19254.3560,5419.5300,127.0000,Production,CH01_5420_114:::213,1001,red
CH01_5420_114,hole,214,9400.5380,19258.7150,5424.9110,9400.5380,19258.7150,5419.5110,127.0000,Production,CH01_5420_114:::214,1026,red
CH01_5420_114,hole,215,9399.0690,19263.0750,5424.8800,9399.0690,19263.0750,5419.4800,127.0000,Production,CH01_5420_114:::215,1051,red
CH01_5420_114,hole,216,9397.6450,19267.4410,5424.9460,9397.6450,19267.4410,5419.5460,127.0000,Production,CH01_5420_114:::216,1076,red
CH01_5420_114,hole,217,9396.1320,19271.7930,5424.9970,9396.1320,19271.7930,5419.4970,127.0000,Production,CH01_5420_114:::217,1101,red
CH01_5420_114,hole,218,9394.6630,19276.1520,5424.9540,9394.6630,19276.1520,5419.4540,127.0000,Production,CH01_5420_114:::218,1126,red
CH01_5420_114,hole,219,9393.1940,19280.5110,5424.9130,9393.1940,19280.5110,5419.5130,127.0000,Production,CH01_5420_114:::219,1151,red
CH01_5420_114,hole,220,9391.7250,19284.8710,5424.9070,9391.7250,19284.8710,5419.5070,127.0000,Production,CH01_5420_114:::220,1176,red
CH01_5420_114,hole,221,9396.7120,19278.5460,5424.9650,9397.7266,19279.6170,5419.4592,127.0000,Production,CH01_5420_114:::221,1218,red
CH01_5420_114,hole,222,9398.6200,19274.7180,5425.0040,9398.6200,19274.7180,5419.5040,127.0000,Production,CH01_5420_114:::222,1193,red
CH01_5420_114,hole,223,9400.6570,19270.8910,5425.0460,9400.6570,19270.8910,5419.5460,127.0000,Production,CH01_5420_114:::223,1168,red
CH01_5420_114,hole,224,9402.1250,19266.5310,5424.9710,9402.1250,19266.5310,5419.4710,127.0000,Production,CH01_5420_114:::224,1143,red
CH01_5420_114,hole,225,9403.5940,19262.1720,5424.9570,9403.5940,19262.1720,5419.4570,127.0000,Production,CH01_5420_114:::225,1118,red
CH01_5420_114,hole,226,9405.0630,19257.8130,5424.8960,9405.0630,19257.8130,5419.4960,127.0000,Production,CH01_5420_114:::226,1093,red
CH01_5420_114,hole,227,9406.5320,19253.4540,5424.8320,9406.5320,19253.4540,5419.5320,127.0000,Production,CH01_5420_114:::227,1068,red
CH01_5420_114,hole,228,9408.0010,19249.0950,5424.8270,9408.0010,19249.0950,5419.5270,127.0000,Production,CH01_5420_114:::228,1043,red
CH01_5420_114,hole,229,9409.4690,19244.7350,5424.8090,9409.4690,19244.7350,5419.5090,127.0000,Production,CH01_5420_114:::229,1018,red
CH01_5420_114,hole,230,9410.9380,19240.3760,5424.8110,9410.9380,19240.3760,5419.5110,127.0000,Production,CH01_5420_114:::230,993,red
CH01_5420_114,hole,231,9412.4070,19236.0170,5424.9250,9412.4070,19236.0170,5419.5250,127.0000,Production,CH01_5420_114:::231,968,red
CH01_5420_114,hole,232,9413.8760,19231.6580,5424.9340,9413.8760,19231.6580,5419.5340,127.0000,Production,CH01_5420_114:::232,943,red
CH01_5420_114,hole,233,9415.3450,19227.2980,5425.0140,9415.3450,19227.2980,5419.5140,127.0000,Production,CH01_5420_114:::233,918,red
CH01_5420_114,hole,234,9416.8130,19222.9390,5425.0530,9416.8130,19222.9390,5419.4530,127.0000,Production,CH01_5420_114:::234,893,red
CH01_5420_114,hole,235,9418.2820,19218.5800,5424.9750,9418.2820,19218.5800,5419.4750,127.0000,Production,CH01_5420_114:::235,868,red
CH01_5420_114,hole,236,9419.7510,19214.2210,5424.9040,9419.7510,19214.2210,5419.5040,127.0000,Production,CH01_5420_114:::236,843,red
CH01_5420_114,hole,237,9421.2200,19209.8620,5424.8220,9421.2200,19209.8620,5419.5220,127.0000,Production,CH01_5420_114:::237,818,red
CH01_5420_114,hole,238,9420.7540,19207.3120,5424.8240,9421.2854,19205.9914,5419.5114,127.0000,Production,CH01_5420_114:::238,793,red
CH01_5420_114,hole,239,9423.7800,19210.0720,5424.8010,9425.1290,19210.5265,5419.4884,127.0000,Production,CH01_5420_114:::239,885,red
CH01_5420_114,hole,240,9422.9260,19212.8640,5424.8170,9424.2750,19213.3185,5419.5044,127.0000,Production,CH01_5420_114:::240,910,red
CH01_5420_114,hole,241,9422.8070,19217.6780,5424.9370,9422.8070,19217.6780,5419.5370,127.0000,Production,CH01_5420_114:::241,935,red
CH01_5420_114,hole,242,9421.3380,19222.0370,5424.9350,9421.3380,19222.0370,5419.5350,127.0000,Production,CH01_5420_114:::242,960,red
CH01_5420_114,hole,243,9419.8700,19226.3960,5425.0290,9419.8700,19226.3960,5419.5290,127.0000,Production,CH01_5420_114:::243,985,red
CH01_5420_114,hole,244,9418.4010,19230.7550,5424.9530,9418.4010,19230.7550,5419.4530,127.0000,Production,CH01_5420_114:::244,1010,red
CH01_5420_114,hole,245,9416.9320,19235.1150,5424.8750,9416.9320,19235.1150,5419.4750,127.0000,Production,CH01_5420_114:::245,1035,red
CH01_5420_114,hole,246,9415.4630,19239.4740,5424.8640,9415.4630,19239.4740,5419.4640,127.0000,Production,CH01_5420_114:::246,1060,red
CH01_5420_114,hole,247,9413.9940,19243.8330,5424.8510,9413.9940,19243.8330,5419.4510,127.0000,Production,CH01_5420_114:::247,1085,red
CH01_5420_114,hole,248,9412.5260,19248.1920,5424.8590,9412.5260,19248.1920,5419.4590,127.0000,Production,CH01_5420_114:::248,1110,red
CH01_5420_114,hole,249,9411.0570,19252.5510,5424.8560,9411.0570,19252.5510,5419.4560,127.0000,Production,CH01_5420_114:::249,1135,red
CH01_5420_114,hole,250,9409.5880,19256.9110,5424.8650,9409.5880,19256.9110,5419.4650,127.0000,Production,CH01_5420_114:::250,1160,red
CH01_5420_114,hole,251,9408.1190,19261.2700,5424.9670,9408.1190,19261.2700,5419.4670,127.0000,Production,CH01_5420_114:::251,1185,red
CH01_5420_114,hole,252,9406.6500,19265.6290,5425.0630,9406.6500,19265.6290,5419.4630,127.0000,Production,CH01_5420_114:::252,1210,red
CH01_5420_114,hole,253,9405.1820,19269.9880,5425.0960,9405.1820,19269.9880,5419.4960,127.0000,Production,CH01_5420_114:::253,1235,red
CH01_5420_114,hole,254,9403.1450,19273.8150,5425.0790,9403.1450,19273.8150,5419.4790,127.0000,Production,CH01_5420_114:::254,1260,red
CH01_5420_114,hole,255,9399.9200,19276.6100,5424.9910,9400.9346,19277.6810,5419.4852,127.0000,Production,CH01_5420_114:::255,1285,red
CH01_5420_114,hole,256,9404.5250,19276.0170,5424.9980,9404.4003,19277.4870,5419.4922,127.0000,Production,CH01_5420_114:::256,1352,red
CH01_5420_114,hole,257,9407.5890,19276.6200,5424.9580,9407.5890,19276.6200,5419.4580,127.0000,Production,CH01_5420_114:::257,1419,red
CH01_5420_114,hole,258,9408.2380,19273.4450,5425.0980,9408.2380,19273.4450,5419.4980,127.0000,Production,CH01_5420_114:::258,1327,red
CH01_5420_114,hole,259,9409.7070,19269.0860,5425.0840,9409.7070,19269.0860,5419.4840,127.0000,Production,CH01_5420_114:::259,1302,red
CH01_5420_114,hole,260,9411.1750,19264.7270,5425.0150,9411.1750,19264.7270,5419.5150,127.0000,Production,CH01_5420_114:::260,1277,red
CH01_5420_114,hole,261,9412.6440,19260.3670,5424.8660,9412.6440,19260.3670,5419.4660,127.0000,Production,CH01_5420_114:::261,1252,red
CH01_5420_114,hole,262,9414.1130,19256.0080,5424.9070,9414.1130,19256.0080,5419.5070,127.0000,Production,CH01_5420_114:::262,1227,red
CH01_5420_114,hole,263,9415.5820,19251.6490,5424.9600,9415.5820,19251.6490,5419.4600,127.0000,Production,CH01_5420_114:::263,1202,red
CH01_5420_114,hole,264,9417.0510,19247.2900,5424.9070,9417.0510,19247.2900,5419.5070,127.0000,Production,CH01_5420_114:::264,1177,red
CH01_5420_114,hole,265,9418.5190,19242.9310,5424.8810,9418.5190,19242.9310,5419.4810,127.0000,Production,CH01_5420_114:::265,1152,red
CH01_5420_114,hole,266,9419.9880,19238.5710,5424.8800,9419.9880,19238.5710,5419.4800,127.0000,Production,CH01_5420_114:::266,1127,red
CH01_5420_114,hole,267,9421.4570,19234.2120,5424.9220,9421.4570,19234.2120,5419.5220,127.0000,Production,CH01_5420_114:::267,1102,red
CH01_5420_114,hole,268,9422.9260,19229.8530,5425.0250,9422.9260,19229.8530,5419.5250,127.0000,Production,CH01_5420_114:::268,1077,red
CH01_5420_114,hole,269,9422.9600,19225.0100,5425.1490,9424.3826,19225.4893,5419.5466,127.0000,Production,CH01_5420_114:::269,1052,red
CH01_5420_114,hole,270,9424.1360,19207.9450,5424.7520,9424.7982,19206.7142,5419.5360,127.0000,Production,CH01_5420_114:::270,860,red
CH01_5420_114,hole,271,9423.1350,19237.2040,5424.9300,9424.5085,19237.6668,5419.5208,127.0000,Production,CH01_5420_114:::271,1194,red
CH01_5420_114,hole,272,9423.0440,19242.0280,5425.0150,9423.0440,19242.0280,5419.5150,127.0000,Production,CH01_5420_114:::272,1219,red
CH01_5420_114,hole,273,9421.5760,19246.3870,5424.9690,9421.5760,19246.3870,5419.4690,127.0000,Production,CH01_5420_114:::273,1244,red
CH01_5420_114,hole,274,9420.1070,19250.7470,5424.9750,9420.1070,19250.7470,5419.4750,127.0000,Production,CH01_5420_114:::274,1269,red
CH01_5420_114,hole,275,9418.6380,19255.1060,5424.9580,9418.6380,19255.1060,5419.4580,127.0000,Production,CH01_5420_114:::275,1294,red
CH01_5420_114,hole,276,9417.1690,19259.4650,5424.8480,9417.1690,19259.4650,5419.5480,127.0000,Production,CH01_5420_114:::276,1319,red
CH01_5420_114,hole,277,9415.7000,19263.8240,5424.8730,9415.7000,19263.8240,5419.4730,127.0000,Production,CH01_5420_114:::277,1344,red
CH01_5420_114,hole,278,9414.2320,19268.1830,5424.9770,9414.2320,19268.1830,5419.4770,127.0000,Production,CH01_5420_114:::278,1369,red
CH01_5420_114,hole,279,9412.7630,19272.5430,5424.9860,9412.7630,19272.5430,5419.4860,127.0000,Production,CH01_5420_114:::279,1394,red
CH01_5420_114,hole,280,9411.2940,19276.9020,5424.9010,9411.2940,19276.9020,5419.5010,127.0000,Production,CH01_5420_114:::280,1486,red
CH01_5420_114,hole,281,9418.0750,19277.5920,5424.9160,9418.4784,19278.9841,5419.5068,127.0000,Production,CH01_5420_114:::281,1645,red
CH01_5420_114,hole,282,9415.8190,19275.9990,5424.8670,9415.8190,19275.9990,5419.4670,127.0000,Production,CH01_5420_114:::282,1553,red
CH01_5420_114,hole,283,9417.2880,19271.6400,5424.9620,9417.2880,19271.6400,5419.4620,127.0000,Production,CH01_5420_114:::283,1461,red
CH01_5420_114,hole,284,9418.7570,19267.2810,5424.9470,9418.7570,19267.2810,5419.5470,127.0000,Production,CH01_5420_114:::284,1436,red
CH01_5420_114,hole,285,9420.2250,19262.9220,5424.7660,9420.2250,19262.9220,5419.4660,127.0000,Production,CH01_5420_114:::285,1411,red
CH01_5420_114,hole,286,9421.6940,19258.5630,5424.7570,9421.6940,19258.5630,5419.4570,127.0000,Production,CH01_5420_114:::286,1386,red
CH01_5420_114,hole,287,9423.1630,19254.2030,5424.8890,9423.1630,19254.2030,5419.4890,127.0000,Production,CH01_5420_114:::287,1361,red
CH01_5420_114,hole,288,9424.6320,19249.8440,5425.0640,9424.6320,19249.8440,5419.4640,127.0000,Production,CH01_5420_114:::288,1336,red
CH01_5420_114,hole,289,9423.4920,19245.5780,5425.0340,9424.8900,19246.0490,5419.5282,127.0000,Production,CH01_5420_114:::289,1311,red
CH01_5420_114,hole,290,9425.0920,19252.9560,5424.8970,9426.4655,19253.4188,5419.4878,127.0000,Production,CH01_5420_114:::290,1428,red
CH01_5420_114,hole,291,9426.2190,19257.6600,5424.7340,9426.2190,19257.6600,5419.5340,127.0000,Production,CH01_5420_114:::291,1453,red
CH01_5420_114,hole,292,9424.7500,19262.0190,5424.5050,9424.7500,19262.0190,5419.5050,127.0000,Production,CH01_5420_114:::292,1478,red
CH01_5420_114,hole,293,9423.2820,19266.3790,5424.9300,9423.2820,19266.3790,5419.5300,127.0000,Production,CH01_5420_114:::293,1503,red
CH01_5420_114,hole,294,9421.8130,19270.7380,5424.9720,9421.8130,19270.7380,5419.4720,127.0000,Production,CH01_5420_114:::294,1528,red
CH01_5420_114,hole,295,9422.5710,19274.2050,5424.8960,9423.9445,19274.6678,5419.4868,127.0000,Production,CH01_5420_114:::295,1687,red
CH01_5420_114,hole,296,9420.3440,19275.0970,5424.9710,9420.3440,19275.0970,5419.4710,127.0000,Production,CH01_5420_114:::296,1620,red
CH01_5420_114,hole,297,9421.7130,19277.2220,5424.8870,9422.3992,19278.4986,5419.4778,127.0000,Production,CH01_5420_114:::297,1712,red
