S4_226_401_V1,hole,1,478335.0380,6772110.1940,236.9890,478335.0380,6772110.1940,232.2890,165.0000,Production,S4_226_401_V1:::1,0,red
S4_226_401_V1,hole,2,478336.9250,6772112.5260,237.0360,478336.9250,6772112.5260,231.9360,165.0000,Production,S4_226_401_V1:::2,0,red
S4_226_401_V1,hole,3,478338.8110,6772114.8590,237.1120,478338.8110,6772114.8590,231.7120,165.0000,Production,S4_226_401_V1:::3,0,red
S4_226_401_V1,hole,4,478340.6980,6772117.1910,237.1850,478340.6980,6772117.1910,231.3850,165.0000,Production,S4_226_401_V1:::4,0,red
S4_226_401_V1,hole,5,478342.6570,6772119.3930,237.1970,478342.6570,6772119.3930,231.0970,165.0000,Production,S4_226_401_V1:::5,0,red
S4_226_401_V1,hole,6,478344.4720,6772121.8560,237.2200,478344.4720,6772121.8560,230.8200,165.0000,Production,S4_226_401_V1:::6,0,red
S4_226_401_V1,hole,7,478346.3590,6772124.1880,237.3460,478346.3590,6772124.1880,230.4460,165.0000,Production,S4_226_401_V1:::7,0,red
S4_226_401_V1,hole,8,478348.3080,6772126.4680,237.5270,478348.3080,6772126.4680,230.2270,165.0000,Production,S4_226_401_V1:::8,0,red
S4_226_401_V1,hole,9,478350.2580,6772128.7490,237.7130,478350.2580,6772128.7490,229.9130,165.0000,Production,S4_226_401_V1:::9,0,red
S4_226_401_V1,hole,10,478352.2070,6772131.0290,237.8520,478352.2070,6772131.0290,229.5520,165.0000,Production,S4_226_401_V1:::10,0,red
S4_226_401_V1,hole,11,478354.1560,6772133.3090,237.9890,478354.1560,6772133.3090,229.2890,165.0000,Production,S4_226_401_V1:::11,0,red
S4_226_401_V1,hole,12,478356.1050,6772135.5900,238.1210,478356.1050,6772135.5900,229.0210,165.0000,Production,S4_226_401_V1:::12,0,red
S4_226_401_V1,hole,13,478358.0550,6772137.8700,238.2800,478358.0550,6772137.8700,228.6800,165.0000,Production,S4_226_401_V1:::13,0,red
S4_226_401_V1,hole,14,478360.0040,6772140.1510,238.2850,478360.0040,6772140.1510,228.3850,165.0000,Production,S4_226_401_V1:::14,0,red
S4_226_401_V1,hole,15,478361.9810,6772142.4070,238.1950,478361.9810,6772142.4070,228.0950,165.0000,Production,S4_226_401_V1:::15,0,red
S4_226_401_V1,hole,16,478364.0170,6772144.6100,238.2750,478364.0170,6772144.6100,227.7750,165.0000,Production,S4_226_401_V1:::16,0,red
S4_226_401_V1,hole,17,478366.0540,6772146.8130,238.3740,478366.0540,6772146.8130,227.4740,165.0000,Production,S4_226_401_V1:::17,0,red
S4_226_401_V1,hole,18,478368.0900,6772149.0160,238.3990,478368.0900,6772149.0160,227.1990,165.0000,Production,S4_226_401_V1:::18,0,red
S4_226_401_V1,hole,19,478370.1270,6772151.2190,238.4040,478370.1270,6772151.2190,226.9040,165.0000,Production,S4_226_401_V1:::19,0,red
S4_226_401_V1,hole,20,478372.0190,6772153.5470,238.6850,478372.0190,6772153.5470,226.6850,165.0000,Production,S4_226_401_V1:::20,0,red
S4_226_401_V1,hole,21,478373.9010,6772155.8830,238.8900,478373.9010,6772155.8830,226.4900,165.0000,Production,S4_226_401_V1:::21,0,red
S4_226_401_V1,hole,22,478375.7620,6772158.2360,238.9310,478375.7620,6772158.2360,226.2310,165.0000,Production,S4_226_401_V1:::22,0,red
S4_226_401_V1,hole,23,478377.6160,6772160.5950,238.7360,478377.6160,6772160.5950,226.0360,165.0000,Production,S4_226_401_V1:::23,0,red
S4_226_401_V1,hole,24,478379.5610,6772162.8790,238.6400,478379.5610,6772162.8790,226.0400,165.0000,Production,S4_226_401_V1:::24,0,red
S4_226_401_V1,hole,25,478381.5050,6772165.1630,238.4910,478381.5050,6772165.1630,225.9910,165.0000,Production,S4_226_401_V1:::25,0,red
S4_226_401_V1,hole,26,478383.4500,6772167.4480,238.3740,478383.4500,6772167.4480,225.9740,165.0000,Production,S4_226_401_V1:::26,0,red
S4_226_401_V1,hole,27,478385.3810,6772169.7440,238.1770,478385.3810,6772169.7440,225.9770,165.0000,Production,S4_226_401_V1:::27,0,red
S4_226_401_V1,hole,28,478387.1320,6772172.1800,238.1150,478387.1320,6772172.1800,226.0150,165.0000,Production,S4_226_401_V1:::28,0,red
S4_226_401_V1,hole,29,478388.9040,6772174.6670,238.1050,478388.9040,6772174.6670,226.0050,165.0000,Production,S4_226_401_V1:::29,0,red
S4_226_401_V1,hole,30,478390.6180,6772177.0630,238.0580,478390.6180,6772177.0630,225.9580,165.0000,Production,S4_226_401_V1:::30,0,red
S4_226_401_V1,hole,31,478392.3400,6772179.5190,238.0250,478392.3400,6772179.5190,226.0250,165.0000,Production,S4_226_401_V1:::31,0,red
S4_226_401_V1,hole,32,478394.0620,6772181.9760,238.0690,478394.0620,6772181.9760,225.9690,165.0000,Production,S4_226_401_V1:::32,0,red
S4_226_401_V1,hole,33,478395.7830,6772184.4330,238.0680,478395.7830,6772184.4330,225.9680,165.0000,Production,S4_226_401_V1:::33,0,red
S4_226_401_V1,hole,34,478396.0600,6772187.4200,237.9640,478396.0600,6772187.4200,225.9640,165.0000,Production,S4_226_401_V1:::34,0,red
S4_226_401_V1,hole,35,478394.4690,6772189.9640,237.8510,478394.4690,6772189.9640,225.9510,165.0000,Production,S4_226_401_V1:::35,0,red
S4_226_401_V1,hole,36,478392.8780,6772192.5070,237.8690,478392.8780,6772192.5070,225.9690,165.0000,Production,S4_226_401_V1:::36,0,red
S4_226_401_V1,hole,37,478391.2870,6772195.0510,237.9470,478391.2870,6772195.0510,226.0470,165.0000,Production,S4_226_401_V1:::37,0,red
S4_226_401_V1,hole,38,478389.6970,6772197.5950,237.9200,478389.6970,6772197.5950,226.0200,165.0000,Production,S4_226_401_V1:::38,0,red
S4_226_401_V1,hole,39,478388.1000,6772200.0870,237.9450,478388.1000,6772200.0870,226.0450,165.0000,Production,S4_226_401_V1:::39,0,red
S4_226_401_V1,hole,40,478386.5150,6772202.6820,238.0520,478386.5150,6772202.6820,225.9520,165.0000,Production,S4_226_401_V1:::40,0,red
S4_226_401_V1,hole,41,478384.9240,6772205.2250,238.1030,478384.9240,6772205.2250,226.0030,165.0000,Production,S4_226_401_V1:::41,0,red
S4_226_401_V1,hole,42,478383.3340,6772207.7680,238.1540,478383.3340,6772207.7680,225.9540,165.0000,Production,S4_226_401_V1:::42,0,red
S4_226_401_V1,hole,43,478381.7430,6772210.3120,238.2110,478381.7430,6772210.3120,226.0110,165.0000,Production,S4_226_401_V1:::43,0,red
S4_226_401_V1,hole,44,478380.1520,6772212.8560,238.2830,478380.1520,6772212.8560,225.9830,165.0000,Production,S4_226_401_V1:::44,0,red
S4_226_401_V1,hole,45,478378.5610,6772215.3990,238.2100,478378.5610,6772215.3990,226.0100,165.0000,Production,S4_226_401_V1:::45,0,red
S4_226_401_V1,hole,112,478332.2390,6772112.4580,237.0900,478332.2390,6772112.4580,232.2900,165.0000,Production,S4_226_401_V1:::112,0,red
S4_226_401_V1,hole,113,478334.1260,6772114.7900,237.1340,478334.1260,6772114.7900,232.0340,165.0000,Production,S4_226_401_V1:::113,0,red
S4_226_401_V1,hole,114,478336.0120,6772117.1230,237.1970,478336.0120,6772117.1230,231.6970,165.0000,Production,S4_226_401_V1:::114,0,red
S4_226_401_V1,hole,115,478337.8990,6772119.4550,237.3150,478337.8990,6772119.4550,231.4150,165.0000,Production,S4_226_401_V1:::115,0,red
S4_226_401_V1,hole,116,478339.7860,6772121.7880,237.3470,478339.7860,6772121.7880,231.0470,165.0000,Production,S4_226_401_V1:::116,0,red
S4_226_401_V1,hole,117,478341.6730,6772124.1200,237.3730,478341.6730,6772124.1200,230.7730,165.0000,Production,S4_226_401_V1:::117,0,red
S4_226_401_V1,hole,118,478343.5600,6772126.4520,237.4150,478343.5600,6772126.4520,230.5150,165.0000,Production,S4_226_401_V1:::118,0,red
S4_226_401_V1,hole,119,478345.5090,6772128.7330,237.5140,478345.5090,6772128.7330,230.2140,165.0000,Production,S4_226_401_V1:::119,0,red
S4_226_401_V1,hole,120,478347.4580,6772131.0140,237.7410,478347.4580,6772131.0140,229.9410,165.0000,Production,S4_226_401_V1:::120,0,red
S4_226_401_V1,hole,121,478349.4070,6772133.2940,237.9000,478349.4070,6772133.2940,229.6000,165.0000,Production,S4_226_401_V1:::121,0,red
S4_226_401_V1,hole,122,478351.3560,6772135.5740,237.9380,478351.3560,6772135.5740,229.3380,165.0000,Production,S4_226_401_V1:::122,0,red
S4_226_401_V1,hole,123,478353.3060,6772137.8550,238.0470,478353.3060,6772137.8550,229.0470,165.0000,Production,S4_226_401_V1:::123,0,red
S4_226_401_V1,hole,124,478355.2550,6772140.1350,238.2250,478355.2550,6772140.1350,228.7250,165.0000,Production,S4_226_401_V1:::124,0,red
S4_226_401_V1,hole,125,478357.2040,6772142.4160,238.1190,478357.2040,6772142.4160,228.4190,165.0000,Production,S4_226_401_V1:::125,0,red
S4_226_401_V1,hole,126,478359.1760,6772144.6760,238.0610,478359.1760,6772144.6760,228.1610,165.0000,Production,S4_226_401_V1:::126,0,red
S4_226_401_V1,hole,127,478361.2130,6772146.8790,238.1450,478361.2130,6772146.8790,227.8450,165.0000,Production,S4_226_401_V1:::127,0,red
S4_226_401_V1,hole,128,478363.2490,6772149.0820,238.1970,478363.2490,6772149.0820,227.5970,165.0000,Production,S4_226_401_V1:::128,0,red
S4_226_401_V1,hole,129,478365.2860,6772151.2850,238.3340,478365.2860,6772151.2850,227.2340,165.0000,Production,S4_226_401_V1:::129,0,red
S4_226_401_V1,hole,130,478367.3220,6772153.4880,238.3550,478367.3220,6772153.4880,226.9550,165.0000,Production,S4_226_401_V1:::130,0,red
S4_226_401_V1,hole,131,478369.2200,6772155.8110,238.3660,478369.2200,6772155.8110,226.7660,165.0000,Production,S4_226_401_V1:::131,0,red
S4_226_401_V1,hole,132,478371.1020,6772158.1470,238.3950,478371.1020,6772158.1470,226.4950,165.0000,Production,S4_226_401_V1:::132,0,red
S4_226_401_V1,hole,133,478372.9620,6772160.5010,238.4030,478372.9620,6772160.5010,226.2030,165.0000,Production,S4_226_401_V1:::133,0,red
S4_226_401_V1,hole,134,478374.8160,6772162.8600,238.3690,478374.8160,6772162.8600,225.9690,165.0000,Production,S4_226_401_V1:::134,0,red
S4_226_401_V1,hole,135,478376.7610,6772165.1440,238.3540,478376.7610,6772165.1440,225.9540,165.0000,Production,S4_226_401_V1:::135,0,red
S4_226_401_V1,hole,136,478378.7060,6772167.4280,238.2920,478378.7060,6772167.4280,225.9920,165.0000,Production,S4_226_401_V1:::136,0,red
S4_226_401_V1,hole,137,478380.6500,6772169.7130,238.0550,478380.6500,6772169.7130,225.9550,165.0000,Production,S4_226_401_V1:::137,0,red
S4_226_401_V1,hole,138,478382.5780,6772172.0120,238.0350,478382.5780,6772172.0120,226.0350,165.0000,Production,S4_226_401_V1:::138,0,red
S4_226_401_V1,hole,139,478384.3280,6772174.4480,238.0220,478384.3280,6772174.4480,226.0220,165.0000,Production,S4_226_401_V1:::139,0,red
S4_226_401_V1,hole,140,478386.0790,6772176.8840,237.9060,478386.0790,6772176.8840,226.0060,165.0000,Production,S4_226_401_V1:::140,0,red
S4_226_401_V1,hole,141,478387.8130,6772179.3320,237.8430,478387.8130,6772179.3320,226.0430,165.0000,Production,S4_226_401_V1:::141,0,red
S4_226_401_V1,hole,142,478389.5350,6772181.7890,237.8480,478389.5350,6772181.7890,226.0480,165.0000,Production,S4_226_401_V1:::142,0,red
S4_226_401_V1,hole,143,478391.2560,6772184.2460,237.8830,478391.2560,6772184.2460,225.9830,165.0000,Production,S4_226_401_V1:::143,0,red
S4_226_401_V1,hole,144,478391.9780,6772187.1580,237.9610,478391.9780,6772187.1580,225.9610,165.0000,Production,S4_226_401_V1:::144,0,red
S4_226_401_V1,hole,145,478390.3870,6772189.7010,237.9720,478390.3870,6772189.7010,225.9720,165.0000,Production,S4_226_401_V1:::145,0,red
S4_226_401_V1,hole,146,478388.7960,6772192.2450,237.9530,478388.7960,6772192.2450,225.9530,165.0000,Production,S4_226_401_V1:::146,0,red
S4_226_401_V1,hole,147,478387.2060,6772194.7890,238.0060,478387.2060,6772194.7890,226.0060,165.0000,Production,S4_226_401_V1:::147,0,red
S4_226_401_V1,hole,148,478385.6150,6772197.3320,238.0200,478385.6150,6772197.3320,226.0200,165.0000,Production,S4_226_401_V1:::148,0,red
S4_226_401_V1,hole,149,478384.0240,6772199.8760,238.0320,478384.0240,6772199.8760,226.0320,165.0000,Production,S4_226_401_V1:::149,0,red
S4_226_401_V1,hole,150,478382.4330,6772202.4190,238.0620,478382.4330,6772202.4190,225.9620,165.0000,Production,S4_226_401_V1:::150,0,red
S4_226_401_V1,hole,151,478380.8420,6772204.9630,238.0490,478380.8420,6772204.9630,226.0490,165.0000,Production,S4_226_401_V1:::151,0,red
S4_226_401_V1,hole,152,478379.2520,6772207.5060,238.1160,478379.2520,6772207.5060,226.0160,165.0000,Production,S4_226_401_V1:::152,0,red
S4_226_401_V1,hole,153,478377.6610,6772210.0500,238.1820,478377.6610,6772210.0500,225.9820,165.0000,Production,S4_226_401_V1:::153,0,red
S4_226_401_V1,hole,154,478376.0700,6772212.5930,238.1510,478376.0700,6772212.5930,225.9510,165.0000,Production,S4_226_401_V1:::154,0,red
S4_226_401_V1,hole,205,478331.3270,6772117.0550,237.1760,478331.3270,6772117.0550,230.4760,229.0000,Production,S4_226_401_V1:::205,0,red
S4_226_401_V1,hole,206,478334.4710,6772120.9420,237.3060,478334.4710,6772120.9420,230.0060,229.0000,Production,S4_226_401_V1:::206,0,red
S4_226_401_V1,hole,207,478337.6160,6772124.8290,237.4330,478337.6160,6772124.8290,229.5330,229.0000,Production,S4_226_401_V1:::207,0,red
S4_226_401_V1,hole,208,478340.7610,6772128.7160,237.4990,478340.7610,6772128.7160,228.9990,229.0000,Production,S4_226_401_V1:::208,0,red
S4_226_401_V1,hole,209,478344.0080,6772132.5180,237.6350,478344.0080,6772132.5180,228.5350,229.0000,Production,S4_226_401_V1:::209,0,red
S4_226_401_V1,hole,210,478347.2570,6772136.3190,237.8610,478347.2570,6772136.3190,228.0610,229.0000,Production,S4_226_401_V1:::210,0,red
S4_226_401_V1,hole,211,478350.5060,6772140.1200,237.8870,478350.5060,6772140.1200,227.4870,229.0000,Production,S4_226_401_V1:::211,0,red
S4_226_401_V1,hole,212,478353.7540,6772143.9200,237.9470,478353.7540,6772143.9200,227.0470,229.0000,Production,S4_226_401_V1:::212,0,red
S4_226_401_V1,hole,213,478357.0500,6772147.6800,237.9870,478357.0500,6772147.6800,226.5870,229.0000,Production,S4_226_401_V1:::213,0,red
S4_226_401_V1,hole,214,478360.4450,6772151.3520,238.0110,478360.4450,6772151.3520,226.1110,229.0000,Production,S4_226_401_V1:::214,0,red
S4_226_401_V1,hole,215,478363.8610,6772155.0260,238.2130,478363.8610,6772155.0260,225.6130,229.0000,Production,S4_226_401_V1:::215,0,red
S4_226_401_V1,hole,216,478367.0500,6772158.8560,238.2730,478367.0500,6772158.8560,225.1730,229.0000,Production,S4_226_401_V1:::216,0,red
S4_226_401_V1,hole,217,478370.1630,6772162.7680,238.0980,478370.1630,6772162.7680,224.6980,229.0000,Production,S4_226_401_V1:::217,0,red
S4_226_401_V1,hole,218,478373.3150,6772166.6500,238.0950,478373.3150,6772166.6500,224.4950,229.0000,Production,S4_226_401_V1:::218,0,red
S4_226_401_V1,hole,219,478376.5560,6772170.4570,237.9410,478376.5560,6772170.4570,224.5410,229.0000,Production,S4_226_401_V1:::219,0,red
S4_226_401_V1,hole,220,478379.7760,6772174.2820,237.8800,478379.7760,6772174.2820,224.4800,229.0000,Production,S4_226_401_V1:::220,0,red
S4_226_401_V1,hole,221,478382.6940,6772178.3420,237.8120,478382.6940,6772178.3420,224.5120,229.0000,Production,S4_226_401_V1:::221,0,red
S4_226_401_V1,hole,222,478385.5830,6772182.4230,237.8140,478385.5830,6772182.4230,224.5140,229.0000,Production,S4_226_401_V1:::222,0,red
S4_226_401_V1,hole,223,478388.2830,6772186.2760,237.8470,478388.2830,6772186.2760,224.5470,229.0000,Production,S4_226_401_V1:::223,0,red
S4_226_401_V1,hole,224,478385.6920,6772190.4200,237.9230,478385.6920,6772190.4200,224.5230,229.0000,Production,S4_226_401_V1:::224,0,red
S4_226_401_V1,hole,225,478383.1820,6772186.7930,237.9510,478383.1820,6772186.7930,224.4510,229.0000,Production,S4_226_401_V1:::225,0,red
S4_226_401_V1,hole,226,478380.6490,6772183.2240,237.9220,478380.6490,6772183.2240,224.5220,229.0000,Production,S4_226_401_V1:::226,0,red
S4_226_401_V1,hole,227,478377.7390,6772179.1580,237.9020,478377.7390,6772179.1580,224.5020,229.0000,Production,S4_226_401_V1:::227,0,red
S4_226_401_V1,hole,228,478374.6840,6772175.2000,237.9330,478374.6840,6772175.2000,224.5330,229.0000,Production,S4_226_401_V1:::228,0,red
S4_226_401_V1,hole,229,478371.4430,6772171.3930,237.9580,478371.4430,6772171.3930,224.4580,229.0000,Production,S4_226_401_V1:::229,0,red
S4_226_401_V1,hole,230,478368.2010,6772167.5860,238.1020,478368.2010,6772167.5860,224.5020,229.0000,Production,S4_226_401_V1:::230,0,red
S4_226_401_V1,hole,231,478365.1280,6772163.6420,238.1280,478365.1280,6772163.6420,225.0280,229.0000,Production,S4_226_401_V1:::231,0,red
S4_226_401_V1,hole,232,478361.9910,6772159.7480,238.1080,478361.9910,6772159.7480,225.4080,229.0000,Production,S4_226_401_V1:::232,0,red
S4_226_401_V1,hole,233,478358.6440,6772156.0340,238.1050,478358.6440,6772156.0340,225.9050,229.0000,Production,S4_226_401_V1:::233,0,red
S4_226_401_V1,hole,234,478355.2500,6772152.3620,237.9860,478355.2500,6772152.3620,226.3860,229.0000,Production,S4_226_401_V1:::234,0,red
S4_226_401_V1,hole,235,478351.8870,6772148.6620,238.0890,478351.8870,6772148.6620,226.7890,229.0000,Production,S4_226_401_V1:::235,0,red
S4_226_401_V1,hole,236,478348.6390,6772144.8610,237.9650,478348.6390,6772144.8610,227.2650,229.0000,Production,S4_226_401_V1:::236,0,red
S4_226_401_V1,hole,237,478345.3900,6772141.0600,237.8620,478345.3900,6772141.0600,227.7620,229.0000,Production,S4_226_401_V1:::237,0,red
S4_226_401_V1,hole,238,478342.1410,6772137.2600,237.7240,478342.1410,6772137.2600,228.3240,229.0000,Production,S4_226_401_V1:::238,0,red
S4_226_401_V1,hole,239,478338.8920,6772133.4590,237.6930,478338.8920,6772133.4590,228.7930,229.0000,Production,S4_226_401_V1:::239,0,red
S4_226_401_V1,hole,240,478335.6980,6772129.6130,237.5770,478335.6980,6772129.6130,229.2770,229.0000,Production,S4_226_401_V1:::240,0,red
S4_226_401_V1,hole,241,478332.5530,6772125.7250,237.4980,478332.5530,6772125.7250,229.7980,229.0000,Production,S4_226_401_V1:::241,0,red
S4_226_401_V1,hole,242,478329.4080,6772121.8380,237.3570,478329.4080,6772121.8380,230.2570,229.0000,Production,S4_226_401_V1:::242,0,red
S4_226_401_V1,hole,243,478326.2640,6772117.9510,237.3120,478326.2640,6772117.9510,230.8120,229.0000,Production,S4_226_401_V1:::243,0,red
S4_226_401_V1,hole,244,478324.3300,6772122.7150,237.5270,478324.3300,6772122.7150,230.5270,229.0000,Production,S4_226_401_V1:::244,0,red
S4_226_401_V1,hole,245,478327.4740,6772126.6020,237.5820,478327.4740,6772126.6020,230.0820,229.0000,Production,S4_226_401_V1:::245,0,red
S4_226_401_V1,hole,246,478330.6190,6772130.4900,237.7140,478330.6190,6772130.4900,229.5140,229.0000,Production,S4_226_401_V1:::246,0,red
S4_226_401_V1,hole,247,478333.7640,6772134.3770,237.7140,478333.7640,6772134.3770,229.1140,229.0000,Production,S4_226_401_V1:::247,0,red
S4_226_401_V1,hole,248,478337.0080,6772138.1810,237.8230,478337.0080,6772138.1810,228.6230,229.0000,Production,S4_226_401_V1:::248,0,red
S4_226_401_V1,hole,249,478340.2570,6772141.9820,237.9250,478340.2570,6772141.9820,228.1250,229.0000,Production,S4_226_401_V1:::249,0,red
S4_226_401_V1,hole,250,478343.5060,6772145.7820,237.9810,478343.5060,6772145.7820,227.5810,229.0000,Production,S4_226_401_V1:::250,0,red
S4_226_401_V1,hole,251,478346.7550,6772149.5830,237.9670,478346.7550,6772149.5830,227.0670,229.0000,Production,S4_226_401_V1:::251,0,red
S4_226_401_V1,hole,252,478350.0380,6772153.3540,237.9990,478350.0380,6772153.3540,226.5990,229.0000,Production,S4_226_401_V1:::252,0,red
S4_226_401_V1,hole,253,478353.4330,6772157.0250,238.0240,478353.4330,6772157.0250,226.1240,229.0000,Production,S4_226_401_V1:::253,0,red
S4_226_401_V1,hole,254,478356.8270,6772160.6970,238.0460,478356.8270,6772160.6970,225.6460,229.0000,Production,S4_226_401_V1:::254,0,red
S4_226_401_V1,hole,255,478360.0530,6772164.5160,238.0810,478360.0530,6772164.5160,225.2810,229.0000,Production,S4_226_401_V1:::255,0,red
S4_226_401_V1,hole,256,478363.1640,6772168.4310,238.1330,478363.1640,6772168.4310,224.7330,229.0000,Production,S4_226_401_V1:::256,0,red
S4_226_401_V1,hole,257,478366.3160,6772172.3120,238.0820,478366.3160,6772172.3120,224.4820,229.0000,Production,S4_226_401_V1:::257,0,red
S4_226_401_V1,hole,258,478369.5570,6772176.1190,237.9830,478369.5570,6772176.1190,224.4830,229.0000,Production,S4_226_401_V1:::258,0,red
S4_226_401_V1,hole,259,478372.7680,6772179.9520,237.9040,478372.7680,6772179.9520,224.5040,229.0000,Production,S4_226_401_V1:::259,0,red
S4_226_401_V1,hole,260,478375.6860,6772184.0120,238.0590,478375.6860,6772184.0120,224.4590,229.0000,Production,S4_226_401_V1:::260,0,red
S4_226_401_V1,hole,261,478378.5690,6772188.0970,238.1110,478378.5690,6772188.0970,224.5110,229.0000,Production,S4_226_401_V1:::261,0,red
S4_226_401_V1,hole,262,478380.8560,6772191.3220,238.0150,478380.8560,6772191.3220,224.5150,229.0000,Production,S4_226_401_V1:::262,0,red
S4_226_401_V1,hole,263,478383.1010,6772194.5630,238.0320,478383.1010,6772194.5630,224.5320,229.0000,Production,S4_226_401_V1:::263,0,red
S4_226_401_V1,hole,264,478380.6010,6772198.5600,238.1800,478380.6010,6772198.5600,224.4800,229.0000,Production,S4_226_401_V1:::264,0,red
S4_226_401_V1,hole,265,478378.6130,6772195.6930,238.1040,478378.6130,6772195.6930,224.5040,229.0000,Production,S4_226_401_V1:::265,0,red
S4_226_401_V1,hole,266,478376.5660,6772192.9470,238.1650,478376.5660,6772192.9470,224.4650,229.0000,Production,S4_226_401_V1:::266,0,red
S4_226_401_V1,hole,267,478373.6480,6772188.8870,238.1870,478373.6480,6772188.8870,224.4870,229.0000,Production,S4_226_401_V1:::267,0,red
S4_226_401_V1,hole,268,478370.7300,6772184.8270,237.9880,478370.7300,6772184.8270,224.4880,229.0000,Production,S4_226_401_V1:::268,0,red
S4_226_401_V1,hole,269,478367.6840,6772180.8620,237.8770,478367.6840,6772180.8620,224.4770,229.0000,Production,S4_226_401_V1:::269,0,red
S4_226_401_V1,hole,270,478364.4430,6772177.0540,238.0500,478364.4430,6772177.0540,224.5500,229.0000,Production,S4_226_401_V1:::270,0,red
S4_226_401_V1,hole,271,478361.2020,6772173.2480,238.1650,478361.2020,6772173.2480,224.5650,229.0000,Production,S4_226_401_V1:::271,0,red
S4_226_401_V1,hole,272,478358.1300,6772169.3020,238.1290,478358.1300,6772169.3020,225.0290,229.0000,Production,S4_226_401_V1:::272,0,red
S4_226_401_V1,hole,273,478354.9940,6772165.4080,238.1000,478354.9940,6772165.4080,225.5000,229.0000,Production,S4_226_401_V1:::273,0,red
S4_226_401_V1,hole,274,478351.6320,6772161.7070,237.9970,478351.6320,6772161.7070,225.9970,229.0000,Production,S4_226_401_V1:::274,0,red
S4_226_401_V1,hole,275,478348.2380,6772158.0350,237.9460,478348.2380,6772158.0350,226.4460,229.0000,Production,S4_226_401_V1:::275,0,red
S4_226_401_V1,hole,276,478344.8880,6772154.3240,237.9480,478344.8880,6772154.3240,226.9480,229.0000,Production,S4_226_401_V1:::276,0,red
S4_226_401_V1,hole,277,478341.6390,6772150.5230,237.9150,478341.6390,6772150.5230,227.4150,229.0000,Production,S4_226_401_V1:::277,0,red
S4_226_401_V1,hole,278,478338.3900,6772146.7230,237.9620,478338.3900,6772146.7230,227.8620,229.0000,Production,S4_226_401_V1:::278,0,red
S4_226_401_V1,hole,279,478335.1410,6772142.9220,237.8800,478335.1410,6772142.9220,228.3800,229.0000,Production,S4_226_401_V1:::279,0,red
S4_226_401_V1,hole,280,478331.8920,6772139.1210,237.8380,478331.8920,6772139.1210,228.8380,229.0000,Production,S4_226_401_V1:::280,0,red
S4_226_401_V1,hole,281,478328.7000,6772135.2730,237.7630,478328.7000,6772135.2730,229.3630,229.0000,Production,S4_226_401_V1:::281,0,red
S4_226_401_V1,hole,282,478325.5560,6772131.3860,237.7940,478325.5560,6772131.3860,229.7940,229.0000,Production,S4_226_401_V1:::282,0,red
S4_226_401_V1,hole,283,478322.4110,6772127.4980,237.6720,478322.4110,6772127.4980,230.2720,229.0000,Production,S4_226_401_V1:::283,0,red
S4_226_401_V1,hole,284,478319.2660,6772123.6110,237.4220,478319.2660,6772123.6110,230.8220,229.0000,Production,S4_226_401_V1:::284,0,red
S4_226_401_V1,hole,285,478317.3320,6772128.3750,237.5250,478317.3320,6772128.3750,230.5250,229.0000,Production,S4_226_401_V1:::285,0,red
S4_226_401_V1,hole,286,478320.4770,6772132.2630,237.7400,478320.4770,6772132.2630,230.1400,229.0000,Production,S4_226_401_V1:::286,0,red
S4_226_401_V1,hole,287,478323.6220,6772136.1500,237.8440,478323.6220,6772136.1500,229.6440,229.0000,Production,S4_226_401_V1:::287,0,red
S4_226_401_V1,hole,288,478326.7660,6772140.0370,237.8670,478326.7660,6772140.0370,229.1670,229.0000,Production,S4_226_401_V1:::288,0,red
S4_226_401_V1,hole,289,478330.0090,6772143.8430,237.8670,478330.0090,6772143.8430,228.6670,229.0000,Production,S4_226_401_V1:::289,0,red
S4_226_401_V1,hole,290,478333.2580,6772147.6440,237.9750,478333.2580,6772147.6440,228.1750,229.0000,Production,S4_226_401_V1:::290,0,red
S4_226_401_V1,hole,291,478336.5060,6772151.4450,237.9850,478336.5060,6772151.4450,227.6850,229.0000,Production,S4_226_401_V1:::291,0,red
S4_226_401_V1,hole,292,478339.7550,6772155.2450,237.9780,478339.7550,6772155.2450,227.1780,229.0000,Production,S4_226_401_V1:::292,0,red
S4_226_401_V1,hole,293,478343.0260,6772159.0270,238.0500,478343.0260,6772159.0270,226.7500,229.0000,Production,S4_226_401_V1:::293,0,red
S4_226_401_V1,hole,294,478346.4210,6772162.6980,238.1080,478346.4210,6772162.6980,226.2080,229.0000,Production,S4_226_401_V1:::294,0,red
S4_226_401_V1,hole,295,478349.8150,6772166.3700,238.1170,478349.8150,6772166.3700,225.7170,229.0000,Production,S4_226_401_V1:::295,0,red
S4_226_401_V1,hole,296,478353.0560,6772170.1770,238.1540,478353.0560,6772170.1770,225.2540,229.0000,Production,S4_226_401_V1:::296,0,red
S4_226_401_V1,hole,297,478356.1650,6772174.0930,238.1990,478356.1650,6772174.0930,224.7990,229.0000,Production,S4_226_401_V1:::297,0,red
S4_226_401_V1,hole,298,478359.3160,6772177.9750,238.1970,478359.3160,6772177.9750,224.4970,229.0000,Production,S4_226_401_V1:::298,0,red
S4_226_401_V1,hole,299,478362.4920,6772181.8450,238.0910,478362.4920,6772181.8450,224.4910,229.0000,Production,S4_226_401_V1:::299,0,red
S4_226_401_V1,hole,300,478365.7740,6772185.6100,238.0390,478365.7740,6772185.6100,224.5390,229.0000,Production,S4_226_401_V1:::300,0,red
S4_226_401_V1,hole,301,478368.8170,6772189.5780,238.1540,478368.8170,6772189.5780,224.4540,229.0000,Production,S4_226_401_V1:::301,0,red
S4_226_401_V1,hole,302,478371.8590,6772193.5450,238.3110,478371.8590,6772193.5450,224.5110,229.0000,Production,S4_226_401_V1:::302,0,red
S4_226_401_V1,hole,303,478374.9020,6772197.5130,238.2810,478374.9020,6772197.5130,224.4810,229.0000,Production,S4_226_401_V1:::303,0,red
S4_226_401_V1,hole,304,478378.4010,6772202.0770,238.1680,478378.4010,6772202.0770,224.4680,229.0000,Production,S4_226_401_V1:::304,0,red
S4_226_401_V1,hole,305,478376.2010,6772205.5940,238.2790,478376.2010,6772205.5940,224.4790,229.0000,Production,S4_226_401_V1:::305,0,red
S4_226_401_V1,hole,306,478373.1230,6772201.8840,238.4340,478373.1230,6772201.8840,224.5340,229.0000,Production,S4_226_401_V1:::306,0,red
S4_226_401_V1,hole,307,478370.1260,6772198.1810,238.3720,478370.1260,6772198.1810,224.4720,229.0000,Production,S4_226_401_V1:::307,0,red
S4_226_401_V1,hole,308,478366.9560,6772194.3140,238.2840,478366.9560,6772194.3140,224.4840,229.0000,Production,S4_226_401_V1:::308,0,red
S4_226_401_V1,hole,309,478363.7870,6772190.4470,238.0820,478363.7870,6772190.4470,224.4820,229.0000,Production,S4_226_401_V1:::309,0,red
S4_226_401_V1,hole,310,478360.6180,6772186.5800,238.1710,478360.6180,6772186.5800,224.4710,229.0000,Production,S4_226_401_V1:::310,0,red
S4_226_401_V1,hole,311,478357.4440,6772182.7160,238.1910,478357.4440,6772182.7160,224.4910,229.0000,Production,S4_226_401_V1:::311,0,red
S4_226_401_V1,hole,312,478354.2020,6772178.9090,238.2940,478354.2020,6772178.9090,224.5940,229.0000,Production,S4_226_401_V1:::312,0,red
S4_226_401_V1,hole,313,478351.1330,6772174.9620,238.1610,478351.1330,6772174.9620,225.0610,229.0000,Production,S4_226_401_V1:::313,0,red
S4_226_401_V1,hole,314,478347.9960,6772171.0690,238.1530,478347.9960,6772171.0690,225.5530,229.0000,Production,S4_226_401_V1:::314,0,red
S4_226_401_V1,hole,315,478344.6450,6772167.3440,238.1690,478344.6450,6772167.3440,226.0690,229.0000,Production,S4_226_401_V1:::315,0,red
S4_226_401_V1,hole,316,478341.2260,6772163.7090,238.1150,478341.2260,6772163.7090,226.5150,229.0000,Production,S4_226_401_V1:::316,0,red
S4_226_401_V1,hole,317,478337.8880,6772159.9860,238.0410,478337.8880,6772159.9860,227.0410,229.0000,Production,S4_226_401_V1:::317,0,red
S4_226_401_V1,hole,318,478334.6390,6772156.1860,238.0250,478334.6390,6772156.1860,227.5250,229.0000,Production,S4_226_401_V1:::318,0,red
S4_226_401_V1,hole,319,478331.3900,6772152.3850,238.0390,478331.3900,6772152.3850,227.9390,229.0000,Production,S4_226_401_V1:::319,0,red
S4_226_401_V1,hole,320,478328.1410,6772148.5840,237.9420,478328.1410,6772148.5840,228.4420,229.0000,Production,S4_226_401_V1:::320,0,red
S4_226_401_V1,hole,321,478324.8930,6772144.7840,237.9490,478324.8930,6772144.7840,228.9490,229.0000,Production,S4_226_401_V1:::321,0,red
S4_226_401_V1,hole,322,478321.7030,6772140.9330,237.9240,478321.7030,6772140.9330,229.4240,229.0000,Production,S4_226_401_V1:::322,0,red
S4_226_401_V1,hole,323,478318.5580,6772137.0460,237.8160,478318.5580,6772137.0460,229.9160,229.0000,Production,S4_226_401_V1:::323,0,red
S4_226_401_V1,hole,324,478315.4140,6772133.1580,237.6600,478315.4140,6772133.1580,230.3600,229.0000,Production,S4_226_401_V1:::324,0,red
S4_226_401_V1,hole,325,478312.2690,6772129.2710,237.5260,478312.2690,6772129.2710,230.8260,229.0000,Production,S4_226_401_V1:::325,0,red
S4_226_401_V1,hole,326,478310.3350,6772134.0360,237.7170,478310.3350,6772134.0360,230.6170,229.0000,Production,S4_226_401_V1:::326,0,red
S4_226_401_V1,hole,327,478313.4800,6772137.9230,237.7580,478313.4800,6772137.9230,230.1580,229.0000,Production,S4_226_401_V1:::327,0,red
S4_226_401_V1,hole,328,478316.6250,6772141.8100,237.8770,478316.6250,6772141.8100,229.6770,229.0000,Production,S4_226_401_V1:::328,0,red
S4_226_401_V1,hole,329,478319.7690,6772145.6980,238.0440,478319.7690,6772145.6980,229.2440,229.0000,Production,S4_226_401_V1:::329,0,red
S4_226_401_V1,hole,330,478323.0090,6772149.5060,238.0280,478323.0090,6772149.5060,228.7280,229.0000,Production,S4_226_401_V1:::330,0,red
S4_226_401_V1,hole,331,478326.2580,6772153.3070,238.0180,478326.2580,6772153.3070,228.2180,229.0000,Production,S4_226_401_V1:::331,0,red
S4_226_401_V1,hole,332,478329.5070,6772157.1070,238.0660,478329.5070,6772157.1070,227.7660,229.0000,Production,S4_226_401_V1:::332,0,red
S4_226_401_V1,hole,333,478332.7550,6772160.9080,238.1110,478332.7550,6772160.9080,227.3110,229.0000,Production,S4_226_401_V1:::333,0,red
S4_226_401_V1,hole,334,478336.0140,6772164.7000,238.1060,478336.0140,6772164.7000,226.8060,229.0000,Production,S4_226_401_V1:::334,0,red
S4_226_401_V1,hole,335,478339.4090,6772168.3710,238.1910,478339.4090,6772168.3710,226.2910,229.0000,Production,S4_226_401_V1:::335,0,red
S4_226_401_V1,hole,336,478342.8030,6772172.0430,238.2120,478342.8030,6772172.0430,225.8120,229.0000,Production,S4_226_401_V1:::336,0,red
S4_226_401_V1,hole,337,478346.0590,6772175.8370,238.2720,478346.0590,6772175.8370,225.3720,229.0000,Production,S4_226_401_V1:::337,0,red
S4_226_401_V1,hole,338,478349.1650,6772179.7550,238.3540,478349.1650,6772179.7550,224.8540,229.0000,Production,S4_226_401_V1:::338,0,red
S4_226_401_V1,hole,339,478352.3170,6772183.6370,238.3770,478352.3170,6772183.6370,224.4770,229.0000,Production,S4_226_401_V1:::339,0,red
S4_226_401_V1,hole,340,478355.5580,6772187.4440,238.2790,478355.5580,6772187.4440,224.4790,229.0000,Production,S4_226_401_V1:::340,0,red
S4_226_401_V1,hole,341,478358.7990,6772191.2510,238.2640,478358.7990,6772191.2510,224.4640,229.0000,Production,S4_226_401_V1:::341,0,red
S4_226_401_V1,hole,342,478362.0400,6772195.0590,238.3300,478362.0400,6772195.0590,224.5300,229.0000,Production,S4_226_401_V1:::342,0,red
S4_226_401_V1,hole,343,478365.2810,6772198.8660,238.3810,478365.2810,6772198.8660,224.4810,229.0000,Production,S4_226_401_V1:::343,0,red
S4_226_401_V1,hole,344,478368.5220,6772202.6730,238.3800,478368.5220,6772202.6730,224.4800,229.0000,Production,S4_226_401_V1:::344,0,red
S4_226_401_V1,hole,345,478371.2620,6772205.8740,238.3520,478371.2620,6772205.8740,224.4520,229.0000,Production,S4_226_401_V1:::345,0,red
S4_226_401_V1,hole,346,478374.0020,6772209.1110,238.3070,478374.0020,6772209.1110,224.5070,229.0000,Production,S4_226_401_V1:::346,0,red
