Layer Name,Hole Name,Collar X,Collar Y,Collar Z,Burden,Spacing,Dip,Bearing,Diameter,Drill Length,Subdrill,Toe X,Toe Y,Toe Z
S5_346_516_V2,19,478830.527,6772564.39,357.852,3,3.6,90,0,0.165,12.2,0.3,478830.527,6772564.39,345.7
S5_346_516_V2,20,478828.305,6772567.221,357.813,3,3.6,90,0,0.165,12.1,0.3,478828.305,6772567.22,345.7
S5_346_516_V2,21,478826.082,6772570.053,357.838,3,3.6,90,0,0.165,12.1,0.3,478826.082,6772570.05,345.7
S5_346_516_V2,22,478823.859,6772572.885,357.922,3,3.6,90,0,0.165,12.2,0.3,478823.859,6772572.88,345.7
S5_346_516_V2,23,478821.636,6772575.717,357.974,3,3.6,90,0,0.165,12.3,0.3,478821.636,6772575.72,345.7
S5_346_516_V2,24,478819.413,6772578.548,357.957,3,3.6,90,0,0.165,12.3,0.3,478819.413,6772578.55,345.7
S5_346_516_V2,25,478817.19,6772581.38,357.969,3,3.6,90,0,0.165,12.3,0.3,478817.19,6772581.38,345.7
S5_346_516_V2,26,478814.967,6772584.212,357.977,3,3.6,90,0,0.165,12.3,0.3,478814.967,6772584.21,345.7
S5_346_516_V2,27,478812.744,6772587.044,357.904,3,3.6,90,0,0.165,12.2,0.3,478812.744,6772587.04,345.7
S5_346_516_V2,28,478810.522,6772589.875,357.899,3,3.6,90,0,0.165,12.2,0.3,478810.522,6772589.88,345.7
S5_346_516_V2,29,478807.954,6772592.526,358.066,3,3.6,90,0,0.165,12.4,0.3,478807.954,6772592.53,345.7
S5_346_516_V2,30,478805.764,6772595.266,358.105,3,3.6,90,0,0.165,12.4,0.3,478805.764,6772595.27,345.7
S5_346_516_V2,31,478803.243,6772597.836,358.247,3,3.6,90,0,0.165,12.5,0.3,478803.243,6772597.84,345.7
S5_346_516_V2,32,478800.722,6772600.406,358.119,3,3.6,90,0,0.165,12.4,0.3,478800.722,6772600.41,345.7
S5_346_516_V2,33,478798.218,6772602.992,358.221,3,3.6,90,0,0.165,12.5,0.3,478798.218,6772602.99,345.7
S5_346_516_V2,34,478795.72,6772605.585,358.181,3,3.6,90,0,0.165,12.5,0.3,478795.72,6772605.58,345.7
S5_346_516_V2,35,478793.534,6772608.472,358.168,3,3.6,90,0,0.165,12.5,0.3,478793.534,6772608.47,345.7
S5_346_516_V2,36,478790.724,6772610.77,358.147,3,3.6,90,0,0.165,12.4,0.3,478790.724,6772610.77,345.7
S5_346_516_V2,37,478788.227,6772613.362,358.329,3,3.6,90,0,0.165,12.6,0.3,478788.227,6772613.36,345.7
S5_346_516_V2,38,478785.209,6772615.852,358.565,3,3.6,90,0,0.165,12.9,0.3,478785.209,6772615.85,345.7
S5_346_516_V2,39,478783.231,6772618.547,358.645,3,3.6,90,0,0.165,12.9,0.3,478783.231,6772618.55,345.7
S5_346_516_V2,40,478780.733,6772621.14,358.646,3,3.6,90,0,0.165,12.9,0.3,478780.733,6772621.14,345.7
S5_346_516_V2,41,478778.236,6772623.732,358.555,3,3.6,90,0,0.165,12.9,0.3,478778.236,6772623.73,345.7
S5_346_516_V2,42,478775.738,6772626.325,358.421,3,3.6,90,0,0.165,12.7,0.3,478775.738,6772626.32,345.7
S5_346_516_V2,43,478773.24,6772628.917,358.215,3,3.6,90,0,0.165,12.5,0.3,478773.24,6772628.92,345.7
S5_346_516_V2,44,478770.742,6772631.51,358.211,3,3.6,90,0,0.165,12.5,0.3,478770.742,6772631.51,345.7
S5_346_516_V2,45,478769.362,6772633.144,358.183,3,3.6,90,0,0.165,12.5,0.3,478769.362,6772633.14,345.7
S5_346_516_V2,46,478768.16,6772634.382,358.175,3,3.6,75,313.784,0.165,12.9,0.3,478765.747,6772636.7,345.7
S5_346_516_V2,311,478755.14,6772549.432,358.104,3.3,3.8,90,0,0.165,13.6,1.5,478755.14,6772549.43,344.5
S5_346_516_V2,312,478752.793,6772552.421,358.431,3.3,3.8,90,0,0.165,13.9,1.5,478752.793,6772552.42,344.5
S5_346_516_V2,313,478750.447,6772555.41,358.35,3.3,3.8,90,0,0.165,13.9,1.5,478750.447,6772555.41,344.5
S5_346_516_V2,314,478746.679,6772554.864,358.129,3.3,3.8,90,0,0.165,13.6,1.5,478746.679,6772554.86,344.5
S5_346_516_V2,315,478749.414,6772552.128,358.16,3.3,3.8,90,0,0.165,13.7,1.5,478749.414,6772552.13,344.5
S5_346_516_V2,316,478751.947,6772549.216,358.036,3.3,3.8,90,0,0.165,13.5,1.5,478751.947,6772549.22,344.5
S5_346_516_V2,317,478753.717,6772545.9,358.019,3.3,3.8,90,0,0.165,13.5,1.5,478753.717,6772545.9,344.5
S5_346_516_V2,318,478751.901,6772546.983,358.192,3.3,3.8,75,230,0.165,14.2,1.5,478749.091,6772544.62,344.5
S5_346_516_V2,319,478750.531,6772547.994,358.136,3.3,3.8,90,230,0.165,13.6,1.5,478750.531,6772547.99,344.5
S5_346_516_V2,320,478749.126,6772549.581,358.003,3.3,3.8,75,230,0.165,14,1.5,478746.355,6772547.26,344.5
S5_346_516_V2,321,478747.739,6772550.827,358.104,3.3,3.8,90,230,0.165,13.6,1.5,478747.739,6772550.83,344.5
S5_346_516_V2,322,478746.482,6772552.363,358.071,3.3,3.8,75,230,0.165,14.1,1.5,478743.697,6772550.03,344.5
S5_346_516_V2,323,478744.905,6772553.398,358.168,3.3,3.8,90,230,0.165,13.7,1.5,478744.905,6772553.4,344.5
S5_346_516_V2,324,478743.711,6772555.089,358.148,3.3,3.8,75,230,0.165,14.1,1.5,478740.909,6772552.74,344.5
S5_346_516_V2,1,478770.582,6772638.596,358.074,5,6,90,0,0.165,5.5,-1.6,478770.582,6772638.6,352.607
S5_346_516_V2,2,478773.194,6772636.172,358.15,5,6,90,0,0.165,5.3,-1.6,478773.194,6772636.17,352.843
S5_346_516_V2,3,478777.357,6772631.851,358.364,5,6,90,0,0.165,5.5,-1.6,478777.357,6772631.85,352.843
S5_346_516_V2,4,478781.52,6772627.53,358.396,5,6,90,0,0.165,5.6,-1.6,478781.52,6772627.53,352.843
S5_346_516_V2,5,478785.683,6772623.209,358.415,5,6,90,0,0.165,5.6,-1.6,478785.683,6772623.21,352.843
S5_346_516_V2,6,478789.846,6772618.888,358.368,5,6,90,0,0.165,5.5,-1.6,478789.846,6772618.89,352.843
S5_346_516_V2,7,478794.009,6772614.568,358.254,5,6,90,0,0.165,5.4,-1.6,478794.009,6772614.57,352.843
S5_346_516_V2,8,478798.171,6772610.247,358.13,5,6,90,0,0.165,5.3,-1.6,478798.171,6772610.25,352.843
S5_346_516_V2,9,478802.334,6772605.926,358.21,5,6,90,0,0.165,5.4,-1.6,478802.334,6772605.93,352.843
S5_346_516_V2,10,478806.524,6772601.631,358.371,5,6,90,0,0.165,5.5,-1.6,478806.524,6772601.63,352.844
S5_346_516_V2,11,478810.726,6772597.348,358.333,5,6,90,0,0.165,5.5,-1.6,478810.726,6772597.35,352.844
S5_346_516_V2,12,478814.605,6772592.771,357.985,5,6,90,0,0.165,5.1,-1.6,478814.605,6772592.77,352.844
S5_346_516_V2,13,478818.31,6772588.051,357.942,5,6,90,0,0.165,5.1,-1.6,478818.31,6772588.05,352.844
S5_346_516_V2,14,478822.015,6772583.331,357.905,5,6,90,0,0.165,5.1,-1.6,478822.015,6772583.33,352.844
S5_346_516_V2,15,478825.72,6772578.612,357.954,5,6,90,0,0.165,5.1,-1.6,478825.72,6772578.61,352.844
S5_346_516_V2,16,478829.022,6772574.419,357.896,5,6,90,0,0.165,5,-1.6,478829.022,6772574.42,352.853
S5_346_516_V2,17,478832.282,6772570.239,357.769,5,6,90,0,0.165,4.9,-1.6,478832.282,6772570.24,352.835
S5_346_516_V2,18,478835.541,6772566.105,357.774,5,6,90,0,0.165,4.9,-1.6,478835.541,6772566.1,352.847
S5_346_516_V2,47,478831.535,6772560.929,357.571,4.7,5.4,90,140,0.229,13.1,1.5,478831.535,6772560.93,344.5
S5_346_516_V2,48,478827.509,6772562.097,357.874,4.7,5.4,90,51.869,0.229,13.4,1.5,478827.509,6772562.1,344.5
S5_346_516_V2,49,478824.573,6772566.12,357.818,4.7,5.4,90,51.869,0.229,13.3,1.5,478824.573,6772566.12,344.5
S5_346_516_V2,50,478821.53,6772570.024,357.904,4.7,5.4,90,51.869,0.229,13.4,1.5,478821.53,6772570.02,344.5
S5_346_516_V2,51,478818.457,6772573.937,357.967,4.7,5.4,90,51.869,0.229,13.5,1.5,478818.457,6772573.94,344.5
S5_346_516_V2,52,478815.122,6772578.184,357.969,4.7,5.4,90,51.869,0.229,13.5,1.5,478815.122,6772578.18,344.5
S5_346_516_V2,53,478811.788,6772582.432,357.963,4.7,5.4,90,51.869,0.229,13.5,1.5,478811.788,6772582.43,344.5
S5_346_516_V2,54,478808.454,6772586.679,357.888,4.7,5.4,90,51.869,0.229,13.4,1.5,478808.454,6772586.68,344.5
S5_346_516_V2,55,478805.019,6772590.825,358.004,4.7,5.4,90,46.241,0.229,13.5,1.5,478805.019,6772590.83,344.5
S5_346_516_V2,56,478801.314,6772594.771,358.118,4.7,5.4,90,46.241,0.229,13.6,1.5,478801.314,6772594.77,344.5
S5_346_516_V2,57,478797.579,6772598.671,358.057,4.7,5.4,90,46.241,0.229,13.6,1.5,478797.579,6772598.67,344.5
S5_346_516_V2,58,478793.845,6772602.572,358.114,4.7,5.4,90,46.241,0.229,13.6,1.5,478793.845,6772602.57,344.5
S5_346_516_V2,59,478790.11,6772606.472,358.129,4.7,5.4,90,46.241,0.229,13.6,1.5,478790.11,6772606.47,344.5
S5_346_516_V2,60,478786.375,6772610.372,358.253,4.7,5.4,90,46.241,0.229,13.8,1.5,478786.375,6772610.37,344.5
S5_346_516_V2,61,478782.64,6772614.272,358.657,4.7,5.4,90,46.241,0.229,14.2,1.5,478782.64,6772614.27,344.5
S5_346_516_V2,62,478778.906,6772618.172,358.589,4.7,5.4,90,46.241,0.229,14.1,1.5,478778.906,6772618.17,344.5
S5_346_516_V2,63,478775.171,6772622.073,358.453,4.7,5.4,90,46.241,0.229,14,1.5,478775.171,6772622.07,344.5
S5_346_516_V2,64,478771.436,6772625.973,358.243,4.7,5.4,90,46.241,0.229,13.7,1.5,478771.436,6772625.97,344.5
S5_346_516_V2,65,478767.701,6772629.873,358.215,4.7,5.4,90,46.241,0.229,13.7,1.5,478767.701,6772629.87,344.5
S5_346_516_V2,66,478767.522,6772632.82,358.238,4.7,5.4,75,285,0.229,14.2,1.5,478763.967,6772633.77,344.5
S5_346_516_V2,67,478766.008,6772627.616,358.288,4.7,5.4,75,285,0.229,14.3,1.5,478762.439,6772628.57,344.5
S5_346_516_V2,68,478766.174,6772624.672,358.305,4.7,5.4,90,46.241,0.229,13.8,1.5,478766.174,6772624.67,344.5
S5_346_516_V2,69,478769.909,6772620.772,358.206,4.7,5.4,90,46.241,0.229,13.7,1.5,478769.909,6772620.77,344.5
S5_346_516_V2,70,478773.644,6772616.872,358.273,4.7,5.4,90,46.241,0.229,13.8,1.5,478773.644,6772616.87,344.5
S5_346_516_V2,71,478777.378,6772612.972,358.256,4.7,5.4,90,46.241,0.229,13.8,1.5,478777.378,6772612.97,344.5
S5_346_516_V2,72,478781.113,6772609.071,358.181,4.7,5.4,90,46.241,0.229,13.7,1.5,478781.113,6772609.07,344.5
S5_346_516_V2,73,478784.848,6772605.171,358.124,4.7,5.4,90,46.241,0.229,13.6,1.5,478784.848,6772605.17,344.5
S5_346_516_V2,74,478788.583,6772601.271,358.015,4.7,5.4,90,46.241,0.229,13.5,1.5,478788.583,6772601.27,344.5
S5_346_516_V2,75,478792.317,6772597.371,357.971,4.7,5.4,90,46.241,0.229,13.5,1.5,478792.317,6772597.37,344.5
S5_346_516_V2,76,478796.052,6772593.471,357.841,4.7,5.4,90,46.241,0.229,13.3,1.5,478796.052,6772593.47,344.5
S5_346_516_V2,77,478799.571,6772589.686,357.939,4.7,5.4,90,51.869,0.229,13.4,1.5,478799.571,6772589.69,344.5
S5_346_516_V2,78,478802.984,6772585.661,357.85,4.7,5.4,90,51.869,0.229,13.4,1.5,478802.984,6772585.66,344.5
S5_346_516_V2,79,478806.424,6772581.653,357.868,4.7,5.4,90,51.869,0.229,13.4,1.5,478806.424,6772581.65,344.5
S5_346_516_V2,80,478809.758,6772577.406,357.958,4.7,5.4,90,51.869,0.229,13.5,1.5,478809.758,6772577.41,344.5
S5_346_516_V2,81,478813.092,6772573.158,357.984,4.7,5.4,90,51.869,0.229,13.5,1.5,478813.092,6772573.16,344.5
S5_346_516_V2,82,478816.042,6772569.394,357.978,4.7,5.4,90,51.869,0.229,13.5,1.5,478816.042,6772569.39,344.5
S5_346_516_V2,83,478818.977,6772565.68,357.87,4.7,5.4,90,51.869,0.229,13.4,1.5,478818.977,6772565.68,344.5
S5_346_516_V2,84,478821.903,6772561.943,357.923,4.7,5.4,90,51.869,0.229,13.4,1.5,478821.903,6772561.94,344.5
S5_346_516_V2,85,478826.216,6772557.479,357.54,4.7,5.4,90,140,0.229,13,1.5,478826.216,6772557.48,344.5
S5_346_516_V2,86,478821.457,6772557.989,357.759,4.7,5.4,90,140,0.229,13.3,1.5,478821.457,6772557.99,344.5
S5_346_516_V2,87,478816.445,6772561.162,357.946,4.7,5.4,90,51.869,0.229,13.4,1.5,478816.445,6772561.16,344.5
S5_346_516_V2,88,478813.588,6772564.916,357.956,4.7,5.4,90,51.869,0.229,13.5,1.5,478813.588,6772564.92,344.5
S5_346_516_V2,89,478810.679,6772568.636,357.974,4.7,5.4,90,51.869,0.229,13.5,1.5,478810.679,6772568.64,344.5
S5_346_516_V2,90,478807.728,6772572.38,357.957,4.7,5.4,90,51.869,0.229,13.5,1.5,478807.728,6772572.38,344.5
S5_346_516_V2,91,478804.394,6772576.628,357.883,4.7,5.4,90,51.869,0.229,13.4,1.5,478804.394,6772576.63,344.5
S5_346_516_V2,92,478801.095,6772580.613,357.751,4.7,5.4,90,51.869,0.229,13.3,1.5,478801.095,6772580.61,344.5
S5_346_516_V2,93,478797.792,6772584.573,357.759,4.7,5.4,90,51.869,0.229,13.3,1.5,478797.792,6772584.57,344.5
S5_346_516_V2,94,478794.324,6772588.421,357.838,4.7,5.4,90,46.241,0.229,13.3,1.5,478794.324,6772588.42,344.5
S5_346_516_V2,95,478790.79,6772592.17,357.799,4.7,5.4,90,46.241,0.229,13.3,1.5,478790.79,6772592.17,344.5
S5_346_516_V2,96,478787.055,6772596.07,357.848,4.7,5.4,90,46.241,0.229,13.3,1.5,478787.055,6772596.07,344.5
S5_346_516_V2,97,478783.321,6772599.97,357.91,4.7,5.4,90,46.241,0.229,13.4,1.5,478783.321,6772599.97,344.5
S5_346_516_V2,98,478779.586,6772603.871,357.994,4.7,5.4,90,46.241,0.229,13.5,1.5,478779.586,6772603.87,344.5
S5_346_516_V2,99,478775.851,6772607.771,358.037,4.7,5.4,90,46.241,0.229,13.5,1.5,478775.851,6772607.77,344.5
S5_346_516_V2,100,478772.116,6772611.671,358.098,4.7,5.4,90,46.241,0.229,13.6,1.5,478772.116,6772611.67,344.5
S5_346_516_V2,101,478768.382,6772615.571,358.166,4.7,5.4,90,46.241,0.229,13.7,1.5,478768.382,6772615.57,344.5
S5_346_516_V2,102,478764.647,6772619.472,358.223,4.7,5.4,90,46.241,0.229,13.7,1.5,478764.647,6772619.47,344.5
S5_346_516_V2,103,478764.482,6772622.415,358.291,4.7,5.4,75,285,0.229,14.3,1.5,478760.912,6772623.37,344.5
S5_346_516_V2,104,478762.933,6772617.22,358.208,4.7,5.4,75,285,0.229,14.2,1.5,478759.385,6772618.17,344.5
S5_346_516_V2,105,478763.12,6772614.271,358.213,4.7,5.4,90,46.241,0.229,13.7,1.5,478763.12,6772614.27,344.5
S5_346_516_V2,106,478766.854,6772610.371,358.198,4.7,5.4,90,46.241,0.229,13.7,1.5,478766.854,6772610.37,344.5
S5_346_516_V2,107,478770.589,6772606.47,358.027,4.7,5.4,90,46.241,0.229,13.5,1.5,478770.589,6772606.47,344.5
S5_346_516_V2,108,478774.324,6772602.57,357.908,4.7,5.4,90,46.241,0.229,13.4,1.5,478774.324,6772602.57,344.5
S5_346_516_V2,109,478778.059,6772598.67,357.82,4.7,5.4,90,46.241,0.229,13.3,1.5,478778.059,6772598.67,344.5
S5_346_516_V2,110,478781.793,6772594.77,357.718,4.7,5.4,90,46.241,0.229,13.2,1.5,478781.793,6772594.77,344.5
S5_346_516_V2,111,478785.528,6772590.87,357.788,4.7,5.4,90,46.241,0.229,13.3,1.5,478785.528,6772590.87,344.5
S5_346_516_V2,112,478789.023,6772587.203,357.713,4.7,5.4,90,46.241,0.229,13.2,1.5,478789.023,6772587.2,344.5
S5_346_516_V2,113,478792.479,6772583.533,357.78,4.7,5.4,90,51.869,0.229,13.3,1.5,478792.479,6772583.53,344.5
S5_346_516_V2,114,478795.777,6772579.666,357.7,4.7,5.4,90,51.869,0.229,13.2,1.5,478795.777,6772579.67,344.5
S5_346_516_V2,115,478799.03,6772575.849,357.795,4.7,5.4,90,51.869,0.229,13.3,1.5,478799.03,6772575.85,344.5
S5_346_516_V2,116,478802.364,6772571.602,357.925,4.7,5.4,90,51.869,0.229,13.4,1.5,478802.364,6772571.6,344.5
S5_346_516_V2,117,478805.698,6772567.354,357.949,4.7,5.4,90,51.869,0.229,13.4,1.5,478805.698,6772567.35,344.5
S5_346_516_V2,118,478809.033,6772563.106,357.93,4.7,5.4,90,51.869,0.229,13.4,1.5,478809.033,6772563.11,344.5
S5_346_516_V2,119,478812.367,6772558.859,357.921,4.7,5.4,90,51.869,0.229,13.4,1.5,478812.367,6772558.86,344.5
S5_346_516_V2,120,478816.776,6772556.77,357.816,4.7,5.4,90,140,0.229,13.3,1.5,478816.776,6772556.77,344.5
S5_346_516_V2,121,478813.028,6772553.993,357.762,4.7,5.4,90,140,0.229,13.3,1.5,478813.028,6772553.99,344.5
S5_346_516_V2,122,478809.014,6772555.485,357.846,4.7,5.4,90,51.869,0.229,13.3,1.5,478809.014,6772555.48,344.5
S5_346_516_V2,123,478806.16,6772559.164,357.959,4.7,5.4,90,51.869,0.229,13.5,1.5,478806.16,6772559.16,344.5
S5_346_516_V2,124,478803.232,6772562.899,357.982,4.7,5.4,90,51.869,0.229,13.5,1.5,478803.232,6772562.9,344.5
S5_346_516_V2,125,478800.334,6772566.576,357.953,4.7,5.4,90,51.869,0.229,13.5,1.5,478800.334,6772566.58,344.5
S5_346_516_V2,126,478797,6772570.823,357.925,4.7,5.4,90,51.869,0.229,13.4,1.5,478797,6772570.82,344.5
S5_346_516_V2,127,478793.863,6772574.647,357.808,4.7,5.4,90,51.869,0.229,13.3,1.5,478793.863,6772574.65,344.5
S5_346_516_V2,128,478790.701,6772578.42,357.727,4.7,5.4,90,51.869,0.229,13.2,1.5,478790.701,6772578.42,344.5
S5_346_516_V2,129,478787.356,6772582.068,357.746,4.7,5.4,90,46.241,0.229,13.2,1.5,478787.356,6772582.07,344.5
S5_346_516_V2,130,478784.001,6772585.669,357.673,4.7,5.4,90,46.241,0.229,13.2,1.5,478784.001,6772585.67,344.5
S5_346_516_V2,131,478780.266,6772589.569,357.669,4.7,5.4,90,46.241,0.229,13.2,1.5,478780.266,6772589.57,344.5
S5_346_516_V2,132,478776.531,6772593.469,357.683,4.7,5.4,90,46.241,0.229,13.2,1.5,478776.531,6772593.47,344.5
S5_346_516_V2,133,478772.797,6772597.369,357.772,4.7,5.4,90,46.241,0.229,13.3,1.5,478772.797,6772597.37,344.5
S5_346_516_V2,134,478769.062,6772601.27,357.861,4.7,5.4,90,46.241,0.229,13.4,1.5,478769.062,6772601.27,344.5
S5_346_516_V2,135,478765.327,6772605.17,358,4.7,5.4,90,46.241,0.229,13.5,1.5,478765.327,6772605.17,344.5
S5_346_516_V2,136,478761.592,6772609.07,358.162,4.7,5.4,90,46.241,0.229,13.7,1.5,478761.592,6772609.07,344.5
S5_346_516_V2,137,478761.414,6772612.017,358.242,4.7,5.4,75,285,0.229,14.2,1.5,478757.858,6772612.97,344.5
S5_346_516_V2,138,478759.853,6772606.826,358.109,4.7,5.4,75,285,0.229,14.1,1.5,478756.33,6772607.77,344.5
S5_346_516_V2,139,478760.065,6772603.869,358.045,4.7,5.4,90,46.241,0.229,13.5,1.5,478760.065,6772603.87,344.5
S5_346_516_V2,140,478763.8,6772599.969,357.904,4.7,5.4,90,46.241,0.229,13.4,1.5,478763.8,6772599.97,344.5
S5_346_516_V2,141,478767.535,6772596.069,357.773,4.7,5.4,90,46.241,0.229,13.3,1.5,478767.535,6772596.07,344.5
S5_346_516_V2,142,478771.259,6772592.198,357.736,4.7,5.4,90,46.241,0.229,13.2,1.5,478771.259,6772592.2,344.5
S5_346_516_V2,143,478775.004,6772588.269,357.675,4.7,5.4,90,46.241,0.229,13.2,1.5,478775.004,6772588.27,344.5
S5_346_516_V2,144,478778.739,6772584.368,357.621,4.7,5.4,90,46.241,0.229,13.1,1.5,478778.739,6772584.37,344.5
S5_346_516_V2,145,478782.136,6772580.856,357.778,4.7,5.4,90,46.241,0.229,13.3,1.5,478782.136,6772580.86,344.5
S5_346_516_V2,146,478785.388,6772577.38,357.826,4.7,5.4,90,51.869,0.229,13.3,1.5,478785.388,6772577.38,344.5
S5_346_516_V2,147,478788.503,6772573.698,357.852,4.7,5.4,90,51.869,0.229,13.4,1.5,478788.503,6772573.7,344.5
S5_346_516_V2,148,478791.636,6772570.045,357.933,4.7,5.4,90,51.869,0.229,13.4,1.5,478791.636,6772570.05,344.5
S5_346_516_V2,149,478794.97,6772565.797,357.957,4.7,5.4,90,51.869,0.229,13.5,1.5,478794.97,6772565.8,344.5
S5_346_516_V2,150,478798.304,6772561.55,357.999,4.7,5.4,90,51.869,0.229,13.5,1.5,478798.304,6772561.55,344.5
S5_346_516_V2,151,478801.639,6772557.302,357.993,4.7,5.4,90,51.869,0.229,13.5,1.5,478801.639,6772557.3,344.5
S5_346_516_V2,152,478804.973,6772553.055,357.905,4.7,5.4,90,51.869,0.229,13.4,1.5,478804.973,6772553.05,344.5
S5_346_516_V2,153,478809.354,6772551.24,357.839,4.7,5.4,90,140,0.229,13.3,1.5,478809.354,6772551.24,344.5
S5_346_516_V2,154,478806.695,6772548.954,357.862,4.7,5.4,90,127.568,0.229,13.4,1.5,478806.695,6772548.95,344.5
S5_346_516_V2,155,478802.943,6772548.029,357.975,4.7,5.4,90,51.869,0.229,13.5,1.5,478802.943,6772548.03,344.5
S5_346_516_V2,156,478799.609,6772552.276,358.007,4.7,5.4,90,51.869,0.229,13.5,1.5,478799.609,6772552.28,344.5
S5_346_516_V2,157,478796.275,6772556.524,357.982,4.7,5.4,90,51.869,0.229,13.5,1.5,478796.275,6772556.52,344.5
S5_346_516_V2,158,478792.94,6772560.772,357.952,4.7,5.4,90,51.869,0.229,13.5,1.5,478792.94,6772560.77,344.5
S5_346_516_V2,159,478789.606,6772565.019,357.933,4.7,5.4,90,51.869,0.229,13.4,1.5,478789.606,6772565.02,344.5
S5_346_516_V2,160,478786.611,6772568.674,357.88,4.7,5.4,90,51.869,0.229,13.4,1.5,478786.611,6772568.67,344.5
S5_346_516_V2,161,478783.609,6772572.267,357.859,4.7,5.4,90,51.869,0.229,13.4,1.5,478783.609,6772572.27,344.5
S5_346_516_V2,162,478780.412,6772575.757,357.787,4.7,5.4,90,46.241,0.229,13.3,1.5,478780.412,6772575.76,344.5
S5_346_516_V2,163,478777.212,6772579.168,357.724,4.7,5.4,90,46.241,0.229,13.2,1.5,478777.212,6772579.17,344.5
S5_346_516_V2,164,478773.477,6772583.068,357.703,4.7,5.4,90,46.241,0.229,13.2,1.5,478773.477,6772583.07,344.5
S5_346_516_V2,165,478769.743,6772587.133,357.755,4.7,5.4,90,46.241,0.229,13.3,1.5,478769.743,6772587.13,344.5
S5_346_516_V2,166,478765.986,6772590.887,357.828,4.7,5.4,90,46.241,0.229,13.3,1.5,478765.986,6772590.89,344.5
S5_346_516_V2,167,478762.273,6772594.768,357.869,4.7,5.4,90,46.241,0.229,13.4,1.5,478762.273,6772594.77,344.5
S5_346_516_V2,168,478758.538,6772598.669,357.962,4.7,5.4,90,46.241,0.229,13.5,1.5,478758.538,6772598.67,344.5
S5_346_516_V2,169,478758.3,6772601.632,358.011,4.7,5.4,75,285,0.229,14,1.5,478754.803,6772602.57,344.5
S5_346_516_V2,170,478756.758,6772596.435,357.952,4.7,5.4,75,285,0.229,13.9,1.5,478753.276,6772597.37,344.5
S5_346_516_V2,171,478756.945,6772593.449,357.921,4.7,5.4,90,46.241,0.229,13.4,1.5,478756.945,6772593.45,344.5
S5_346_516_V2,172,478760.456,6772589.41,357.868,4.7,5.4,90,46.241,0.229,13.4,1.5,478760.456,6772589.41,344.5
S5_346_516_V2,173,478763.851,6772586.155,357.84,4.7,5.4,90,46.241,0.229,13.3,1.5,478763.851,6772586.16,344.5
S5_346_516_V2,174,478768.676,6772581.834,357.741,4.7,5.4,90,46.241,0.229,13.2,1.5,478768.676,6772581.83,344.5
S5_346_516_V2,175,478772.124,6772577.913,357.664,4.7,5.4,90,46.241,0.229,13.2,1.5,478772.124,6772577.91,344.5
S5_346_516_V2,176,478775.192,6772574.528,357.694,4.7,5.4,90,46.241,0.229,13.2,1.5,478775.192,6772574.53,344.5
S5_346_516_V2,177,478778.296,6772571.228,357.711,4.7,5.4,90,51.869,0.229,13.2,1.5,478778.296,6772571.23,344.5
S5_346_516_V2,178,478781.292,6772567.74,357.726,4.7,5.4,90,51.869,0.229,13.2,1.5,478781.292,6772567.74,344.5
S5_346_516_V2,179,478784.242,6772564.241,357.838,4.7,5.4,90,51.869,0.229,13.3,1.5,478784.242,6772564.24,344.5
S5_346_516_V2,180,478787.576,6772559.993,357.924,4.7,5.4,90,51.869,0.229,13.4,1.5,478787.576,6772559.99,344.5
S5_346_516_V2,181,478790.91,6772555.746,357.973,4.7,5.4,90,51.869,0.229,13.5,1.5,478790.91,6772555.75,344.5
S5_346_516_V2,182,478794.245,6772551.498,358.033,4.7,5.4,90,51.869,0.229,13.5,1.5,478794.245,6772551.5,344.5
S5_346_516_V2,183,478797.579,6772547.25,357.969,4.7,5.4,90,51.869,0.229,13.5,1.5,478797.579,6772547.25,344.5
S5_346_516_V2,184,478800.913,6772543.003,357.914,4.7,5.4,90,51.869,0.229,13.4,1.5,478800.913,6772543,344.5
S5_346_516_V2,185,478804.391,6772544.092,357.869,4.7,5.4,90,110,0.229,13.4,1.5,478804.391,6772544.09,344.5
S5_346_516_V2,186,478802.386,6772539.515,357.818,4.7,5.4,90,110,0.229,13.3,1.5,478802.386,6772539.51,344.5
S5_346_516_V2,187,478798.674,6772538.082,358,4.7,5.4,90,51.869,0.229,13.5,1.5,478798.674,6772538.08,344.5
S5_346_516_V2,188,478795.549,6772542.225,357.945,4.7,5.4,90,51.869,0.229,13.4,1.5,478795.549,6772542.22,344.5
S5_346_516_V2,189,478792.215,6772546.472,358.01,4.7,5.4,90,51.869,0.229,13.5,1.5,478792.215,6772546.47,344.5
S5_346_516_V2,190,478788.881,6772550.72,358.001,4.7,5.4,90,51.869,0.229,13.5,1.5,478788.881,6772550.72,344.5
S5_346_516_V2,191,478785.546,6772554.967,357.98,4.7,5.4,90,51.869,0.229,13.5,1.5,478785.546,6772554.97,344.5
S5_346_516_V2,192,478782.548,6772558.684,357.872,4.7,5.4,90,51.869,0.229,13.4,1.5,478782.548,6772558.68,344.5
S5_346_516_V2,193,478779.541,6772562.362,357.752,4.7,5.4,90,51.869,0.229,13.3,1.5,478779.541,6772562.36,344.5
S5_346_516_V2,194,478776.517,6772566.114,357.71,4.7,5.4,90,46.241,0.229,13.2,1.5,478776.517,6772566.11,344.5
S5_346_516_V2,195,478773.264,6772569.585,357.647,4.7,5.4,90,46.241,0.229,13.1,1.5,478773.264,6772569.59,344.5
S5_346_516_V2,196,478770.17,6772573.171,357.666,4.7,5.4,90,46.241,0.229,13.2,1.5,478770.17,6772573.17,344.5
S5_346_516_V2,197,478767.125,6772576.496,357.672,4.7,5.4,90,46.241,0.229,13.2,1.5,478767.125,6772576.5,344.5
S5_346_516_V2,198,478762.831,6772579.732,357.756,4.7,5.4,90,46.241,0.229,13.3,1.5,478762.831,6772579.73,344.5
S5_346_516_V2,199,478759.216,6772584.364,357.89,4.7,5.4,90,46.241,0.229,13.4,1.5,478759.216,6772584.36,344.5
S5_346_516_V2,200,478755.483,6772588.267,357.935,4.7,5.4,90,46.241,0.229,13.4,1.5,478755.483,6772588.27,344.5
S5_346_516_V2,201,478755.226,6772591.236,357.934,4.7,5.4,75,285,0.229,13.9,1.5,478751.749,6772592.17,344.5
S5_346_516_V2,202,478753.705,6772586.033,357.96,4.7,5.4,75,285,0.229,13.9,1.5,478750.221,6772586.97,344.5
S5_346_516_V2,203,478753.924,6772582.963,357.918,4.7,5.4,90,46.241,0.229,13.4,1.5,478753.924,6772582.96,344.5
S5_346_516_V2,204,478757.736,6772578.934,357.799,4.7,5.4,90,46.241,0.229,13.3,1.5,478757.736,6772578.93,344.5
S5_346_516_V2,205,478761.519,6772575.159,357.676,4.7,5.4,90,46.241,0.229,13.2,1.5,478761.519,6772575.16,344.5
S5_346_516_V2,206,478765.161,6772571.366,357.671,4.7,5.4,90,46.241,0.229,13.2,1.5,478765.161,6772571.37,344.5
S5_346_516_V2,207,478768.895,6772567.466,357.736,4.7,5.4,90,46.241,0.229,13.2,1.5,478768.895,6772567.47,344.5
S5_346_516_V2,208,478772.63,6772563.565,357.758,4.7,5.4,90,46.241,0.229,13.3,1.5,478772.63,6772563.57,344.5
S5_346_516_V2,209,478776.848,6772558.437,357.826,4.7,5.4,90,51.869,0.229,13.3,1.5,478776.848,6772558.44,344.5
S5_346_516_V2,210,478780.182,6772554.189,358,4.7,5.4,90,51.869,0.229,13.5,1.5,478780.182,6772554.19,344.5
S5_346_516_V2,211,478783.516,6772549.941,358,4.7,5.4,90,51.869,0.229,13.5,1.5,478783.516,6772549.94,344.5
S5_346_516_V2,212,478786.851,6772545.694,358,4.7,5.4,90,51.869,0.229,13.5,1.5,478786.851,6772545.69,344.5
S5_346_516_V2,213,478790.185,6772541.446,358,4.7,5.4,90,51.869,0.229,13.5,1.5,478790.185,6772541.45,344.5
S5_346_516_V2,214,478793.519,6772537.199,358,4.7,5.4,90,51.869,0.229,13.5,1.5,478793.519,6772537.2,344.5
S5_346_516_V2,215,478796.632,6772533.108,358,4.7,5.4,90,51.869,0.229,13.5,1.5,478796.632,6772533.11,344.5
S5_346_516_V2,216,478801.067,6772534.136,357.859,4.7,5.4,90,110,0.229,13.4,1.5,478801.067,6772534.14,344.5
S5_346_516_V2,217,478798.72,6772529.208,357.872,4.7,5.4,90,110,0.229,13.4,1.5,478798.72,6772529.21,344.5
S5_346_516_V2,218,478794.544,6772528.088,357.983,4.7,5.4,90,51.869,0.229,13.5,1.5,478794.544,6772528.09,344.5
S5_346_516_V2,219,478791.489,6772532.173,358,4.7,5.4,90,51.869,0.229,13.5,1.5,478791.489,6772532.17,344.5
S5_346_516_V2,220,478788.155,6772536.42,358,4.7,5.4,90,51.869,0.229,13.5,1.5,478788.155,6772536.42,344.5
S5_346_516_V2,221,478784.821,6772540.668,358,4.7,5.4,90,51.869,0.229,13.5,1.5,478784.821,6772540.67,344.5
S5_346_516_V2,222,478781.487,6772544.916,358,4.7,5.4,90,51.869,0.229,13.5,1.5,478781.487,6772544.92,344.5
S5_346_516_V2,223,478778.152,6772549.163,358,4.7,5.4,90,51.869,0.229,13.5,1.5,478778.152,6772549.16,344.5
S5_346_516_V2,224,478774.818,6772553.411,358,4.7,5.4,90,51.869,0.229,13.5,1.5,478774.818,6772553.41,344.5
S5_346_516_V2,225,478771.484,6772557.658,358,4.7,5.4,90,51.869,0.229,13.5,1.5,478771.484,6772557.66,344.5
S5_346_516_V2,226,478767.368,6772562.265,358,4.7,5.4,90,46.241,0.229,13.5,1.5,478767.368,6772562.26,344.5
S5_346_516_V2,227,478763.633,6772566.165,358,4.7,5.4,90,46.241,0.229,13.5,1.5,478763.633,6772566.17,344.5
S5_346_516_V2,228,478759.899,6772570.065,358,4.7,5.4,90,46.241,0.229,13.5,1.5,478759.899,6772570.07,344.5
S5_346_516_V2,229,478756.164,6772573.966,358,4.7,5.4,90,46.241,0.229,13.5,1.5,478756.164,6772573.97,344.5
S5_346_516_V2,230,478752.429,6772577.866,358,4.7,5.4,90,46.241,0.229,13.5,1.5,478752.429,6772577.87,344.5
S5_346_516_V2,231,478752.188,6772580.83,358,4.7,5.4,75,285,0.229,14,1.5,478748.694,6772581.77,344.5
S5_346_516_V2,232,478750.661,6772575.629,358,4.7,5.4,75,285,0.229,14,1.5,478747.167,6772576.57,344.5
S5_346_516_V2,233,478750.902,6772572.665,358,4.7,5.4,90,46.241,0.229,13.5,1.5,478750.902,6772572.67,344.5
S5_346_516_V2,234,478754.637,6772568.765,358,4.7,5.4,90,46.241,0.229,13.5,1.5,478754.637,6772568.76,344.5
S5_346_516_V2,235,478758.371,6772564.865,358,4.7,5.4,90,46.241,0.229,13.5,1.5,478758.371,6772564.86,344.5
S5_346_516_V2,236,478762.106,6772560.964,358,4.7,5.4,90,46.241,0.229,13.5,1.5,478762.106,6772560.96,344.5
S5_346_516_V2,237,478765.841,6772557.064,357.995,4.7,5.4,90,46.241,0.229,13.5,1.5,478765.841,6772557.06,344.5
S5_346_516_V2,238,478769.454,6772552.633,358.036,4.7,5.4,90,51.869,0.229,13.5,1.5,478769.454,6772552.63,344.5
S5_346_516_V2,239,478772.788,6772548.385,358.108,4.7,5.4,90,51.869,0.229,13.6,1.5,478772.788,6772548.38,344.5
S5_346_516_V2,240,478776.122,6772544.137,358.008,4.7,5.4,90,51.869,0.229,13.5,1.5,478776.122,6772544.14,344.5
S5_346_516_V2,241,478779.457,6772539.89,357.934,4.7,5.4,90,51.869,0.229,13.4,1.5,478779.457,6772539.89,344.5
S5_346_516_V2,242,478782.791,6772535.642,357.884,4.7,5.4,90,51.869,0.229,13.4,1.5,478782.791,6772535.64,344.5
S5_346_516_V2,243,478786.125,6772531.394,357.843,4.7,5.4,90,51.869,0.229,13.3,1.5,478786.125,6772531.39,344.5
S5_346_516_V2,244,478789.46,6772527.147,357.923,4.7,5.4,90,51.869,0.229,13.4,1.5,478789.46,6772527.15,344.5
S5_346_516_V2,245,478792.48,6772523.225,357.939,4.7,5.4,90,51.869,0.229,13.4,1.5,478792.48,6772523.23,344.5
S5_346_516_V2,246,478796.776,6772524.477,357.828,4.7,5.4,90,110,0.229,13.3,1.5,478796.776,6772524.48,344.5
S5_346_516_V2,247,478794.768,6772519.469,357.869,4.7,5.4,90,110,0.229,13.4,1.5,478794.768,6772519.47,344.5
S5_346_516_V2,248,478790.333,6772518.218,357.834,4.7,5.4,90,51.869,0.229,13.3,1.5,478790.333,6772518.22,344.5
S5_346_516_V2,249,478787.43,6772522.121,357.825,4.7,5.4,90,51.869,0.229,13.3,1.5,478787.43,6772522.12,344.5
S5_346_516_V2,250,478784.095,6772526.369,357.873,4.7,5.4,90,51.869,0.229,13.4,1.5,478784.095,6772526.37,344.5
S5_346_516_V2,251,478780.761,6772530.616,357.912,4.7,5.4,90,51.869,0.229,13.4,1.5,478780.761,6772530.62,344.5
S5_346_516_V2,252,478777.427,6772534.864,357.887,4.7,5.4,90,51.869,0.229,13.4,1.5,478777.427,6772534.86,344.5
S5_346_516_V2,253,478774.093,6772539.111,357.903,4.7,5.4,90,51.869,0.229,13.4,1.5,478774.093,6772539.11,344.5
S5_346_516_V2,254,478770.758,6772543.359,358.063,4.7,5.4,90,51.869,0.229,13.6,1.5,478770.758,6772543.36,344.5
S5_346_516_V2,255,478767.424,6772547.607,358.106,4.7,5.4,90,51.869,0.229,13.6,1.5,478767.424,6772547.61,344.5
S5_346_516_V2,256,478763.921,6772551.703,358.02,4.7,5.4,90,51.869,0.229,13.5,1.5,478763.921,6772551.7,344.5
S5_346_516_V2,257,478760.467,6772555.759,358.133,4.7,5.4,90,51.869,0.229,13.6,1.5,478760.467,6772555.76,344.5
S5_346_516_V2,258,478756.844,6772559.664,357.814,4.7,5.4,90,46.241,0.229,13.3,1.5,478756.844,6772559.66,344.5
S5_346_516_V2,259,478753.109,6772563.564,357.751,4.7,5.4,90,46.241,0.229,13.3,1.5,478753.109,6772563.56,344.5
S5_346_516_V2,260,478749.374,6772567.464,357.741,4.7,5.4,90,46.241,0.229,13.2,1.5,478749.374,6772567.46,344.5
S5_346_516_V2,261,478747.362,6772570.902,357.685,4.7,5.4,90,285,0.229,13.2,1.5,478747.362,6772570.9,344.5
S5_346_516_V2,262,478745.564,6772566.721,357.845,4.7,5.4,90,285,0.229,13.3,1.5,478745.564,6772566.72,344.5
S5_346_516_V2,263,478748.01,6772562.921,357.906,4.7,5.4,90,46.241,0.229,13.4,1.5,478748.01,6772562.92,344.5
S5_346_516_V2,264,478751.739,6772558.889,357.949,4.7,5.4,90,46.241,0.229,13.4,1.5,478751.739,6772558.89,344.5
S5_346_516_V2,265,478755.248,6772555.049,358.341,4.7,5.4,90,46.241,0.229,13.8,1.5,478755.248,6772555.05,344.5
S5_346_516_V2,266,478758.688,6772550.646,358.224,4.7,5.4,90,51.869,0.229,13.7,1.5,478758.688,6772550.65,344.5
S5_346_516_V2,267,478762.134,6772547.146,358.05,4.7,5.4,90,51.869,0.229,13.5,1.5,478762.134,6772547.15,344.5
S5_346_516_V2,268,478765.599,6772543.11,358.054,4.7,5.4,90,51.869,0.229,13.6,1.5,478765.599,6772543.11,344.5
S5_346_516_V2,269,478768.96,6772538.923,357.965,4.7,5.4,90,51.869,0.229,13.5,1.5,478768.96,6772538.92,344.5
S5_346_516_V2,270,478772.317,6772534.684,357.827,4.7,5.4,90,51.869,0.229,13.3,1.5,478772.317,6772534.68,344.5
S5_346_516_V2,271,478775.677,6772530.509,357.851,4.7,5.4,90,51.869,0.229,13.4,1.5,478775.677,6772530.51,344.5
S5_346_516_V2,272,478779.031,6772526.36,357.856,4.7,5.4,90,51.869,0.229,13.4,1.5,478779.031,6772526.36,344.5
S5_346_516_V2,273,478782.397,6772522.177,357.793,4.7,5.4,90,51.869,0.229,13.3,1.5,478782.397,6772522.18,344.5
S5_346_516_V2,274,478785.767,6772517.95,357.756,4.7,5.4,90,51.869,0.229,13.3,1.5,478785.767,6772517.95,344.5
S5_346_516_V2,275,478788.12,6772513.038,357.761,4.7,5.4,90,51.869,0.229,13.3,1.5,478788.12,6772513.04,344.5
S5_346_516_V2,276,478792.358,6772514.17,357.732,4.7,5.4,90,110,0.229,13.2,1.5,478792.358,6772514.17,344.5
S5_346_516_V2,277,478790.472,6772509.45,357.746,4.7,5.4,90,110,0.229,13.2,1.5,478790.472,6772509.45,344.5
S5_346_516_V2,278,478786.165,6772509.697,357.801,4.7,5.4,90,51.869,0.229,13.3,1.5,478786.165,6772509.7,344.5
S5_346_516_V2,279,478783.698,6772514.183,357.763,4.7,5.4,90,51.869,0.229,13.3,1.5,478783.698,6772514.18,344.5
S5_346_516_V2,280,478780.709,6772517.909,357.787,4.7,5.4,90,51.869,0.229,13.3,1.5,478780.709,6772517.91,344.5
S5_346_516_V2,281,478777.312,6772522.054,357.759,4.7,5.4,90,51.869,0.229,13.3,1.5,478777.312,6772522.05,344.5
S5_346_516_V2,282,478773.936,6772526.199,357.73,4.7,5.4,90,51.869,0.229,13.2,1.5,478773.936,6772526.2,344.5
S5_346_516_V2,283,478770.566,6772530.333,357.754,4.7,5.4,90,51.869,0.229,13.3,1.5,478770.566,6772530.33,344.5
S5_346_516_V2,284,478767.155,6772534.47,357.826,4.7,5.4,90,51.869,0.229,13.3,1.5,478767.155,6772534.47,344.5
S5_346_516_V2,285,478763.796,6772538.592,357.977,4.7,5.4,90,51.869,0.229,13.5,1.5,478763.796,6772538.59,344.5
S5_346_516_V2,286,478760.355,6772542.583,358.059,4.7,5.4,90,51.869,0.229,13.6,1.5,478760.355,6772542.58,344.5
S5_346_516_V2,287,478756.72,6772545.715,358.013,4.7,5.4,90,51.869,0.229,13.5,1.5,478756.72,6772545.71,344.5
S5_346_516_V2,288,478746.686,6772558.296,357.907,4.7,5.4,90,46.241,0.229,13.4,1.5,478746.686,6772558.3,344.5
S5_346_516_V2,289,478744.119,6772562.89,357.842,4.7,5.4,90,285,0.229,13.3,1.5,478744.119,6772562.89,344.5
S5_346_516_V2,290,478742.646,6772558.322,357.871,4.7,5.4,90,285,0.229,13.4,1.5,478742.646,6772558.32,344.5
S5_346_516_V2,291,478754.43,6772543.324,357.964,4.7,5.4,75,229,0.229,13.9,1.5,478751.708,6772540.96,344.5
S5_346_516_V2,292,478756.466,6772542.039,358.014,4.7,5.4,90,51.869,0.229,13.5,1.5,478756.466,6772542.04,344.5
S5_346_516_V2,293,478757.013,6772539.927,357.999,4.7,5.4,75,229,0.229,14,1.5,478754.283,6772537.55,344.5
S5_346_516_V2,294,478758.651,6772538.289,357.97,4.7,5.4,90,51.869,0.229,13.5,1.5,478758.651,6772538.29,344.5
S5_346_516_V2,295,478760.368,6772536.034,357.934,4.7,5.4,75,229,0.229,13.9,1.5,478757.651,6772533.67,344.5
S5_346_516_V2,296,478762.042,6772534.211,357.905,4.7,5.4,90,51.869,0.229,13.4,1.5,478762.042,6772534.21,344.5
S5_346_516_V2,297,478763.702,6772532.015,357.863,4.7,5.4,75,229,0.229,13.8,1.5,478761,6772529.67,344.5
S5_346_516_V2,298,478765.393,6772530.03,357.784,4.7,5.4,90,51.869,0.229,13.3,1.5,478765.393,6772530.03,344.5
S5_346_516_V2,299,478767.618,6772528.438,357.735,4.7,5.4,75,229,0.229,13.7,1.5,478764.942,6772526.11,344.5
S5_346_516_V2,300,478769.526,6772526.029,357.741,4.7,5.4,90,51.869,0.229,13.2,1.5,478769.526,6772526.03,344.5
S5_346_516_V2,301,478771.463,6772523.292,357.762,4.7,5.4,75,229,0.229,13.7,1.5,478768.781,6772520.96,344.5
S5_346_516_V2,302,478773.227,6772521.153,357.813,4.7,5.4,90,51.869,0.229,13.3,1.5,478773.227,6772521.15,344.5
S5_346_516_V2,303,478774.618,6772518.665,357.835,4.7,5.4,75,229,0.229,13.8,1.5,478771.921,6772516.32,344.5
S5_346_516_V2,304,478776.496,6772516.85,357.85,4.7,5.4,90,51.869,0.229,13.3,1.5,478776.496,6772516.85,344.5
S5_346_516_V2,305,478778.476,6772515.027,357.885,4.7,5.4,75,229,0.229,13.9,1.5,478775.769,6772512.67,344.5
S5_346_516_V2,306,478780.551,6772513.25,357.846,4.7,5.4,90,51.869,0.229,13.3,1.5,478780.551,6772513.25,344.5
S5_346_516_V2,307,478781.526,6772510.449,357.795,4.7,5.4,75,229,0.229,13.8,1.5,478778.837,6772508.11,344.5
S5_346_516_V2,308,478783.53,6772507.901,357.831,4.7,5.4,90,51.869,0.229,13.3,1.5,478783.53,6772507.9,344.5
S5_346_516_V2,309,478785.582,6772505.825,357.811,4.7,5.4,75,229,0.229,13.8,1.5,478782.891,6772503.48,344.5
S5_346_516_V2,310,478788.034,6772505.607,357.839,4.7,5.4,90,149,0.229,13.3,1.5,478788.034,6772505.61,344.5
