productCategory,productType,name,supplier,density,colorHex,isCompressible,minDensity,maxDensity,vodMs,reKjKg,rws,waterResistant,dampResistant,massGrams,diameterMm,lengthMm,initiatorType,deliveryVodMs,minDelayMs,maxDelayMs,delayIncrementMs,delaySeriesMs,coreLoadGramsPerMeter,spacerType,description
NonExplosive,Air,Air,,0.0012,#FFFFFF,,,,,,,,,,,,,,,,,,,,
NonExplosive,Water,Water,,1,#4169E1,,,,,,,,,,,,,,,,,,,,
NonExplosive,Stemming,AGG25MM,,2.1,#8B7355,,,,,,,,,,,,,,,,,,,,25mm Aggergate
BulkExplosive,ANFO,ANFO,,0.85,#FF44FF,FALSE,,,3200,3800,100,FALSE,FALSE,,,,,,,,,,,,Generic Ammonium 94% and Fuel oil 6%
BulkExplosive,BlendGassed,BLEND7030G,,1.2,#FFD700,TRUE,0.85,1.4,4500,4200,115,TRUE,FALSE,,,,,,,,,,,,70% emulsion 30% ANFO blend Gassed
HighExplosive,Booster,GENERIC400G,,1.6,#FF0000,,,,7500,5200,,TRUE,,400,76,110,,,,,,,,,Cast pentolite booster 400g
HighExplosive,PackagedEmulsion,GENERIC75MM,,1.15,#FF4500,,,,5000,3400,,TRUE,,2300,75,320,,,,,,,,,75mm packaged emulsion
Initiator,Electronic,GENERIC-ELCTRONIC,,,#FFCC00,,,,,,,,,,7.6,98,Electronic,0,0,20000,1,,,,Electronic Programmable in 1ms increments.
Initiator,ShockTube,GENERIC500MS,,,#FF7700,,,,,,,,,,7.6,98,ShockTube,2000,,,,,,,Generic 500ms downhole lead.
Initiator,DetonatingCord,10g/m Det Cord,,,#FF0000,,,,,,,,,,,,DetonatingCord,7000,,,,,10,,10 gram per meter detonating cord
Spacer,GasBag,400mm Gas Bag,,0.06,#ADD8E6,,,,,,,,,,230,400,,,,,,,,GasBag,Standard 400mm gas bag
