﻿<?xml version="1.0" encoding="utf-8"?><root xmlns:xsi="http://www.w3.org/2001/XMLSchema-instance"><BlastHeader id="ID1"><BlastGuid>3bf28a9b-ae97-4621-9d91-93efd3ac9a35</BlastGuid><Mine>Castle Hill</Mine><Location>CHO1_5385_208_V1</Location><Comment /><ProfileComment /><ShotFirer /><FiringTime xsi:nil="true" /><BlastType /><RockType /><OrderNo /><VibTemplateID>00000000-0000-0000-0000-000000000000</VibTemplateID><MaxDrillLength>5</MaxDrillLength><Surveyer /><SurveyTime xsi:nil="true" /><Boretracker /><BoretrackTime xsi:nil="true" /><Engineer /><StartLoadingTime xsi:nil="true" /><FinishLoadingTime xsi:nil="true" /><Customer /><BlastId /><SiteId xsi:nil="true" /><Descriptor1 xsi:nil="true" /><Descriptor2 xsi:nil="true" /><CosmosSettings><BlastCosmosSettings id="ID2"><SiteID>5a020ad1-9855-4a68-bfe3-054295e2e705</SiteID><DrillPlanID>00000000-0000-0000-0000-000000000000</DrillPlanID><DrillPlanName xsi:nil="true" /><SiteName>Action Drill &amp; Blast</SiteName><LastFullUpdate>0001-01-01T00:00:00+08:00</LastFullUpdate><LastDeckHistoryUpdate>0001-01-01T00:00:00+08:00</LastDeckHistoryUpdate><IsFired xsi:nil="true" /><BlastTags /><IsDeleted xsi:nil="true" /><AvmDomainID xsi:nil="true" /><AvmDomainName xsi:nil="true" /><SpatialTransform xsi:nil="true" /><LastDesignUpdateId xsi:nil="true" /><CosmosSite><CosmosSite id="ID3"><Id>5a020ad1-9855-4a68-bfe3-054295e2e705</Id><Name>Action Drill &amp; Blast</Name><Type>OpenCut</Type><TimeZone>W. Australia Standard Time</TimeZone><CountryCode>AUS</CountryCode><Latitude>0</Latitude><Longitude>0</Longitude><IsDeleted>false</IsDeleted><DateModified>2025-06-04T11:20:54.3948569+08:00</DateModified><DateCreated>2025-04-08T11:28:18.8255035+08:00</DateCreated></CosmosSite></CosmosSite><CosmosEnv>Production</CosmosEnv><CosmosCountry /><UseCountryProducts>true</UseCountryProducts></BlastCosmosSettings></CosmosSettings></BlastHeader></root>