﻿<?xml version="1.0" encoding="utf-8"?><root xmlns:xsi="http://www.w3.org/2001/XMLSchema-instance"><UIDefaultValues id="ID1"><ViewportState><EVOpenGLControlState id="ID2"><Perspective>false</Perspective><ViewAngle>0.52359877559829882</ViewAngle><NearClip>10</NearClip><FarClip>50000</FarClip><OfsX>1705.30823</OfsX><OfsY>-4484.19043</OfsY><OfsZ>1408.54614</OfsZ><Centre><T3DVector id="ID3"><x>9544.7334314882755</x><y>19295.628244139254</y><z>5387.259765625</z></T3DVector></Centre><UpX>-0.403197</UpX><UpY>0.131148383</UpY><UpZ>0.905666769</UpZ><OrthoScale>24.070147567622389</OrthoScale><NearClipOrtho>1</NearClipOrtho><FarClipOrtho>9999</FarClipOrtho></EVOpenGLControlState></ViewportState><HoleVisibility><SPHoleVisibility id="ID4"><List><SPHoleVisibilityData id="ID5"><VisType>49</VisType><IsVisible>false</IsVisible></SPHoleVisibilityData><SPHoleVisibilityData id="ID6"><VisType>83</VisType><IsVisible>true</IsVisible></SPHoleVisibilityData><SPHoleVisibilityData id="ID7"><VisType>50</VisType><IsVisible>false</IsVisible></SPHoleVisibilityData><SPHoleVisibilityData id="ID8"><VisType>46</VisType><IsVisible>false</IsVisible></SPHoleVisibilityData><SPHoleVisibilityData id="ID9"><VisType>60</VisType><IsVisible>false</IsVisible></SPHoleVisibilityData><SPHoleVisibilityData id="ID10"><VisType>65</VisType><IsVisible>false</IsVisible></SPHoleVisibilityData><SPHoleVisibilityData id="ID11"><VisType>47</VisType><IsVisible>true</IsVisible></SPHoleVisibilityData><SPHoleVisibilityData id="ID12"><VisType>0</VisType><IsVisible>true</IsVisible></SPHoleVisibilityData><SPHoleVisibilityData id="ID13"><VisType>54</VisType><IsVisible>true</IsVisible></SPHoleVisibilityData><SPHoleVisibilityData id="ID14"><VisType>88</VisType><IsVisible>true</IsVisible></SPHoleVisibilityData><SPHoleVisibilityData id="ID15"><VisType>2</VisType><IsVisible>false</IsVisible></SPHoleVisibilityData><SPHoleVisibilityData id="ID16"><VisType>104</VisType><IsVisible>false</IsVisible></SPHoleVisibilityData><SPHoleVisibilityData id="ID17"><VisType>105</VisType><IsVisible>false</IsVisible></SPHoleVisibilityData><SPHoleVisibilityData id="ID18"><VisType>106</VisType><IsVisible>false</IsVisible></SPHoleVisibilityData><SPHoleVisibilityData id="ID19"><VisType>3</VisType><IsVisible>false</IsVisible></SPHoleVisibilityData><SPHoleVisibilityData id="ID20"><VisType>53</VisType><IsVisible>false</IsVisible></SPHoleVisibilityData><SPHoleVisibilityData id="ID21"><VisType>4</VisType><IsVisible>false</IsVisible></SPHoleVisibilityData><SPHoleVisibilityData id="ID22"><VisType>52</VisType><IsVisible>false</IsVisible></SPHoleVisibilityData><SPHoleVisibilityData id="ID23"><VisType>5</VisType><IsVisible>false</IsVisible></SPHoleVisibilityData><SPHoleVisibilityData id="ID24"><VisType>10</VisType><IsVisible>false</IsVisible></SPHoleVisibilityData><SPHoleVisibilityData id="ID25"><VisType>17</VisType><IsVisible>false</IsVisible></SPHoleVisibilityData><SPHoleVisibilityData id="ID26"><VisType>6</VisType><IsVisible>false</IsVisible></SPHoleVisibilityData><SPHoleVisibilityData id="ID27"><VisType>7</VisType><IsVisible>false</IsVisible></SPHoleVisibilityData><SPHoleVisibilityData id="ID28"><VisType>8</VisType><IsVisible>false</IsVisible></SPHoleVisibilityData><SPHoleVisibilityData id="ID29"><VisType>132</VisType><IsVisible>false</IsVisible></SPHoleVisibilityData><SPHoleVisibilityData id="ID30"><VisType>9</VisType><IsVisible>false</IsVisible></SPHoleVisibilityData><SPHoleVisibilityData id="ID31"><VisType>22</VisType><IsVisible>false</IsVisible></SPHoleVisibilityData><SPHoleVisibilityData id="ID32"><VisType>11</VisType><IsVisible>false</IsVisible></SPHoleVisibilityData><SPHoleVisibilityData id="ID33"><VisType>12</VisType><IsVisible>false</IsVisible></SPHoleVisibilityData><SPHoleVisibilityData id="ID34"><VisType>13</VisType><IsVisible>true</IsVisible></SPHoleVisibilityData><SPHoleVisibilityData id="ID35"><VisType>51</VisType><IsVisible>false</IsVisible></SPHoleVisibilityData><SPHoleVisibilityData id="ID36"><VisType>15</VisType><IsVisible>true</IsVisible></SPHoleVisibilityData><SPHoleVisibilityData id="ID37"><VisType>72</VisType><IsVisible>false</IsVisible></SPHoleVisibilityData><SPHoleVisibilityData id="ID38"><VisType>14</VisType><IsVisible>false</IsVisible></SPHoleVisibilityData><SPHoleVisibilityData id="ID39"><VisType>76</VisType><IsVisible>false</IsVisible></SPHoleVisibilityData><SPHoleVisibilityData id="ID40"><VisType>18</VisType><IsVisible>true</IsVisible></SPHoleVisibilityData><SPHoleVisibilityData id="ID41"><VisType>19</VisType><IsVisible>true</IsVisible></SPHoleVisibilityData><SPHoleVisibilityData id="ID42"><VisType>20</VisType><IsVisible>false</IsVisible></SPHoleVisibilityData><SPHoleVisibilityData id="ID43"><VisType>21</VisType><IsVisible>false</IsVisible></SPHoleVisibilityData><SPHoleVisibilityData id="ID44"><VisType>75</VisType><IsVisible>false</IsVisible></SPHoleVisibilityData><SPHoleVisibilityData id="ID45"><VisType>84</VisType><IsVisible>false</IsVisible></SPHoleVisibilityData><SPHoleVisibilityData id="ID46"><VisType>90</VisType><IsVisible>true</IsVisible></SPHoleVisibilityData><SPHoleVisibilityData id="ID47"><VisType>89</VisType><IsVisible>false</IsVisible></SPHoleVisibilityData><SPHoleVisibilityData id="ID48"><VisType>85</VisType><IsVisible>false</IsVisible></SPHoleVisibilityData><SPHoleVisibilityData id="ID49"><VisType>86</VisType><IsVisible>false</IsVisible></SPHoleVisibilityData><SPHoleVisibilityData id="ID50"><VisType>87</VisType><IsVisible>false</IsVisible></SPHoleVisibilityData><SPHoleVisibilityData id="ID51"><VisType>133</VisType><IsVisible>false</IsVisible></SPHoleVisibilityData><SPHoleVisibilityData id="ID52"><VisType>134</VisType><IsVisible>false</IsVisible></SPHoleVisibilityData><SPHoleVisibilityData id="ID53"><VisType>23</VisType><IsVisible>true</IsVisible></SPHoleVisibilityData><SPHoleVisibilityData id="ID54"><VisType>55</VisType><IsVisible>false</IsVisible></SPHoleVisibilityData><SPHoleVisibilityData id="ID55"><VisType>24</VisType><IsVisible>true</IsVisible></SPHoleVisibilityData><SPHoleVisibilityData id="ID56"><VisType>25</VisType><IsVisible>true</IsVisible></SPHoleVisibilityData><SPHoleVisibilityData id="ID57"><VisType>26</VisType><IsVisible>true</IsVisible></SPHoleVisibilityData><SPHoleVisibilityData id="ID58"><VisType>27</VisType><IsVisible>true</IsVisible></SPHoleVisibilityData><SPHoleVisibilityData id="ID59"><VisType>56</VisType><IsVisible>true</IsVisible></SPHoleVisibilityData><SPHoleVisibilityData id="ID60"><VisType>57</VisType><IsVisible>true</IsVisible></SPHoleVisibilityData><SPHoleVisibilityData id="ID61"><VisType>58</VisType><IsVisible>true</IsVisible></SPHoleVisibilityData><SPHoleVisibilityData id="ID62"><VisType>59</VisType><IsVisible>true</IsVisible></SPHoleVisibilityData><SPHoleVisibilityData id="ID63"><VisType>62</VisType><IsVisible>false</IsVisible></SPHoleVisibilityData><SPHoleVisibilityData id="ID64"><VisType>63</VisType><IsVisible>false</IsVisible></SPHoleVisibilityData><SPHoleVisibilityData id="ID65"><VisType>64</VisType><IsVisible>false</IsVisible></SPHoleVisibilityData><SPHoleVisibilityData id="ID66"><VisType>61</VisType><IsVisible>false</IsVisible></SPHoleVisibilityData><SPHoleVisibilityData id="ID67"><VisType>70</VisType><IsVisible>false</IsVisible></SPHoleVisibilityData><SPHoleVisibilityData id="ID68"><VisType>67</VisType><IsVisible>false</IsVisible></SPHoleVisibilityData><SPHoleVisibilityData id="ID69"><VisType>66</VisType><IsVisible>false</IsVisible></SPHoleVisibilityData><SPHoleVisibilityData id="ID70"><VisType>68</VisType><IsVisible>false</IsVisible></SPHoleVisibilityData><SPHoleVisibilityData id="ID71"><VisType>71</VisType><IsVisible>false</IsVisible></SPHoleVisibilityData><SPHoleVisibilityData id="ID72"><VisType>69</VisType><IsVisible>false</IsVisible></SPHoleVisibilityData><SPHoleVisibilityData id="ID73"><VisType>73</VisType><IsVisible>false</IsVisible></SPHoleVisibilityData><SPHoleVisibilityData id="ID74"><VisType>74</VisType><IsVisible>false</IsVisible></SPHoleVisibilityData><SPHoleVisibilityData id="ID75"><VisType>28</VisType><IsVisible>true</IsVisible></SPHoleVisibilityData><SPHoleVisibilityData id="ID76"><VisType>29</VisType><IsVisible>true</IsVisible></SPHoleVisibilityData><SPHoleVisibilityData id="ID77"><VisType>30</VisType><IsVisible>true</IsVisible></SPHoleVisibilityData><SPHoleVisibilityData id="ID78"><VisType>31</VisType><IsVisible>true</IsVisible></SPHoleVisibilityData><SPHoleVisibilityData id="ID79"><VisType>32</VisType><IsVisible>true</IsVisible></SPHoleVisibilityData><SPHoleVisibilityData id="ID80"><VisType>33</VisType><IsVisible>true</IsVisible></SPHoleVisibilityData><SPHoleVisibilityData id="ID81"><VisType>34</VisType><IsVisible>true</IsVisible></SPHoleVisibilityData><SPHoleVisibilityData id="ID82"><VisType>35</VisType><IsVisible>true</IsVisible></SPHoleVisibilityData><SPHoleVisibilityData id="ID83"><VisType>36</VisType><IsVisible>true</IsVisible></SPHoleVisibilityData><SPHoleVisibilityData id="ID84"><VisType>37</VisType><IsVisible>true</IsVisible></SPHoleVisibilityData><SPHoleVisibilityData id="ID85"><VisType>77</VisType><IsVisible>true</IsVisible></SPHoleVisibilityData><SPHoleVisibilityData id="ID86"><VisType>78</VisType><IsVisible>true</IsVisible></SPHoleVisibilityData><SPHoleVisibilityData id="ID87"><VisType>38</VisType><IsVisible>true</IsVisible></SPHoleVisibilityData><SPHoleVisibilityData id="ID88"><VisType>39</VisType><IsVisible>true</IsVisible></SPHoleVisibilityData><SPHoleVisibilityData id="ID89"><VisType>40</VisType><IsVisible>true</IsVisible></SPHoleVisibilityData><SPHoleVisibilityData id="ID90"><VisType>41</VisType><IsVisible>true</IsVisible></SPHoleVisibilityData><SPHoleVisibilityData id="ID91"><VisType>42</VisType><IsVisible>true</IsVisible></SPHoleVisibilityData><SPHoleVisibilityData id="ID92"><VisType>43</VisType><IsVisible>true</IsVisible></SPHoleVisibilityData><SPHoleVisibilityData id="ID93"><VisType>44</VisType><IsVisible>true</IsVisible></SPHoleVisibilityData><SPHoleVisibilityData id="ID94"><VisType>45</VisType><IsVisible>true</IsVisible></SPHoleVisibilityData><SPHoleVisibilityData id="ID95"><VisType>91</VisType><IsVisible>true</IsVisible></SPHoleVisibilityData><SPHoleVisibilityData id="ID96"><VisType>92</VisType><IsVisible>true</IsVisible></SPHoleVisibilityData><SPHoleVisibilityData id="ID97"><VisType>93</VisType><IsVisible>true</IsVisible></SPHoleVisibilityData><SPHoleVisibilityData id="ID98"><VisType>94</VisType><IsVisible>true</IsVisible></SPHoleVisibilityData><SPHoleVisibilityData id="ID99"><VisType>95</VisType><IsVisible>true</IsVisible></SPHoleVisibilityData><SPHoleVisibilityData id="ID100"><VisType>96</VisType><IsVisible>true</IsVisible></SPHoleVisibilityData><SPHoleVisibilityData id="ID101"><VisType>97</VisType><IsVisible>true</IsVisible></SPHoleVisibilityData><SPHoleVisibilityData id="ID102"><VisType>98</VisType><IsVisible>true</IsVisible></SPHoleVisibilityData><SPHoleVisibilityData id="ID103"><VisType>99</VisType><IsVisible>true</IsVisible></SPHoleVisibilityData><SPHoleVisibilityData id="ID104"><VisType>100</VisType><IsVisible>true</IsVisible></SPHoleVisibilityData><SPHoleVisibilityData id="ID105"><VisType>101</VisType><IsVisible>true</IsVisible></SPHoleVisibilityData><SPHoleVisibilityData id="ID106"><VisType>102</VisType><IsVisible>true</IsVisible></SPHoleVisibilityData><SPHoleVisibilityData id="ID107"><VisType>119</VisType><IsVisible>true</IsVisible></SPHoleVisibilityData><SPHoleVisibilityData id="ID108"><VisType>120</VisType><IsVisible>true</IsVisible></SPHoleVisibilityData><SPHoleVisibilityData id="ID109"><VisType>121</VisType><IsVisible>true</IsVisible></SPHoleVisibilityData><SPHoleVisibilityData id="ID110"><VisType>122</VisType><IsVisible>true</IsVisible></SPHoleVisibilityData><SPHoleVisibilityData id="ID111"><VisType>123</VisType><IsVisible>true</IsVisible></SPHoleVisibilityData><SPHoleVisibilityData id="ID112"><VisType>124</VisType><IsVisible>true</IsVisible></SPHoleVisibilityData><SPHoleVisibilityData id="ID113"><VisType>125</VisType><IsVisible>true</IsVisible></SPHoleVisibilityData><SPHoleVisibilityData id="ID114"><VisType>126</VisType><IsVisible>true</IsVisible></SPHoleVisibilityData><SPHoleVisibilityData id="ID115"><VisType>127</VisType><IsVisible>true</IsVisible></SPHoleVisibilityData><SPHoleVisibilityData id="ID116"><VisType>128</VisType><IsVisible>true</IsVisible></SPHoleVisibilityData><SPHoleVisibilityData id="ID117"><VisType>129</VisType><IsVisible>true</IsVisible></SPHoleVisibilityData><SPHoleVisibilityData id="ID118"><VisType>130</VisType><IsVisible>true</IsVisible></SPHoleVisibilityData><SPHoleVisibilityData id="ID119"><VisType>103</VisType><IsVisible>true</IsVisible></SPHoleVisibilityData><SPHoleVisibilityData id="ID120"><VisType>131</VisType><IsVisible>false</IsVisible></SPHoleVisibilityData><SPHoleVisibilityData id="ID121"><VisType>107</VisType><IsVisible>true</IsVisible></SPHoleVisibilityData><SPHoleVisibilityData id="ID122"><VisType>108</VisType><IsVisible>true</IsVisible></SPHoleVisibilityData><SPHoleVisibilityData id="ID123"><VisType>109</VisType><IsVisible>true</IsVisible></SPHoleVisibilityData><SPHoleVisibilityData id="ID124"><VisType>110</VisType><IsVisible>true</IsVisible></SPHoleVisibilityData><SPHoleVisibilityData id="ID125"><VisType>111</VisType><IsVisible>true</IsVisible></SPHoleVisibilityData><SPHoleVisibilityData id="ID126"><VisType>112</VisType><IsVisible>true</IsVisible></SPHoleVisibilityData><SPHoleVisibilityData id="ID127"><VisType>113</VisType><IsVisible>true</IsVisible></SPHoleVisibilityData><SPHoleVisibilityData id="ID128"><VisType>114</VisType><IsVisible>true</IsVisible></SPHoleVisibilityData><SPHoleVisibilityData id="ID129"><VisType>115</VisType><IsVisible>true</IsVisible></SPHoleVisibilityData><SPHoleVisibilityData id="ID130"><VisType>116</VisType><IsVisible>true</IsVisible></SPHoleVisibilityData><SPHoleVisibilityData id="ID131"><VisType>117</VisType><IsVisible>true</IsVisible></SPHoleVisibilityData><SPHoleVisibilityData id="ID132"><VisType>118</VisType><IsVisible>true</IsVisible></SPHoleVisibilityData><SPHoleVisibilityData id="ID133"><VisType>187</VisType><IsVisible>false</IsVisible></SPHoleVisibilityData><SPHoleVisibilityData id="ID134"><VisType>135</VisType><IsVisible>true</IsVisible></SPHoleVisibilityData><SPHoleVisibilityData id="ID135"><VisType>136</VisType><IsVisible>false</IsVisible></SPHoleVisibilityData><SPHoleVisibilityData id="ID136"><VisType>161</VisType><IsVisible>false</IsVisible></SPHoleVisibilityData><SPHoleVisibilityData id="ID137"><VisType>186</VisType><IsVisible>false</IsVisible></SPHoleVisibilityData><SPHoleVisibilityData id="ID138"><VisType>137</VisType><IsVisible>true</IsVisible></SPHoleVisibilityData><SPHoleVisibilityData id="ID139"><VisType>138</VisType><IsVisible>true</IsVisible></SPHoleVisibilityData><SPHoleVisibilityData id="ID140"><VisType>139</VisType><IsVisible>true</IsVisible></SPHoleVisibilityData><SPHoleVisibilityData id="ID141"><VisType>140</VisType><IsVisible>true</IsVisible></SPHoleVisibilityData><SPHoleVisibilityData id="ID142"><VisType>141</VisType><IsVisible>true</IsVisible></SPHoleVisibilityData><SPHoleVisibilityData id="ID143"><VisType>142</VisType><IsVisible>true</IsVisible></SPHoleVisibilityData><SPHoleVisibilityData id="ID144"><VisType>143</VisType><IsVisible>true</IsVisible></SPHoleVisibilityData><SPHoleVisibilityData id="ID145"><VisType>144</VisType><IsVisible>true</IsVisible></SPHoleVisibilityData><SPHoleVisibilityData id="ID146"><VisType>145</VisType><IsVisible>true</IsVisible></SPHoleVisibilityData><SPHoleVisibilityData id="ID147"><VisType>146</VisType><IsVisible>true</IsVisible></SPHoleVisibilityData><SPHoleVisibilityData id="ID148"><VisType>147</VisType><IsVisible>true</IsVisible></SPHoleVisibilityData><SPHoleVisibilityData id="ID149"><VisType>148</VisType><IsVisible>true</IsVisible></SPHoleVisibilityData><SPHoleVisibilityData id="ID150"><VisType>188</VisType><IsVisible>true</IsVisible></SPHoleVisibilityData><SPHoleVisibilityData id="ID151"><VisType>149</VisType><IsVisible>true</IsVisible></SPHoleVisibilityData><SPHoleVisibilityData id="ID152"><VisType>189</VisType><IsVisible>true</IsVisible></SPHoleVisibilityData><SPHoleVisibilityData id="ID153"><VisType>150</VisType><IsVisible>true</IsVisible></SPHoleVisibilityData><SPHoleVisibilityData id="ID154"><VisType>190</VisType><IsVisible>true</IsVisible></SPHoleVisibilityData><SPHoleVisibilityData id="ID155"><VisType>151</VisType><IsVisible>true</IsVisible></SPHoleVisibilityData><SPHoleVisibilityData id="ID156"><VisType>191</VisType><IsVisible>true</IsVisible></SPHoleVisibilityData><SPHoleVisibilityData id="ID157"><VisType>152</VisType><IsVisible>true</IsVisible></SPHoleVisibilityData><SPHoleVisibilityData id="ID158"><VisType>192</VisType><IsVisible>true</IsVisible></SPHoleVisibilityData><SPHoleVisibilityData id="ID159"><VisType>153</VisType><IsVisible>true</IsVisible></SPHoleVisibilityData><SPHoleVisibilityData id="ID160"><VisType>193</VisType><IsVisible>true</IsVisible></SPHoleVisibilityData><SPHoleVisibilityData id="ID161"><VisType>154</VisType><IsVisible>true</IsVisible></SPHoleVisibilityData><SPHoleVisibilityData id="ID162"><VisType>194</VisType><IsVisible>true</IsVisible></SPHoleVisibilityData><SPHoleVisibilityData id="ID163"><VisType>155</VisType><IsVisible>true</IsVisible></SPHoleVisibilityData><SPHoleVisibilityData id="ID164"><VisType>195</VisType><IsVisible>true</IsVisible></SPHoleVisibilityData><SPHoleVisibilityData id="ID165"><VisType>156</VisType><IsVisible>true</IsVisible></SPHoleVisibilityData><SPHoleVisibilityData id="ID166"><VisType>196</VisType><IsVisible>true</IsVisible></SPHoleVisibilityData><SPHoleVisibilityData id="ID167"><VisType>157</VisType><IsVisible>true</IsVisible></SPHoleVisibilityData><SPHoleVisibilityData id="ID168"><VisType>197</VisType><IsVisible>true</IsVisible></SPHoleVisibilityData><SPHoleVisibilityData id="ID169"><VisType>158</VisType><IsVisible>true</IsVisible></SPHoleVisibilityData><SPHoleVisibilityData id="ID170"><VisType>198</VisType><IsVisible>true</IsVisible></SPHoleVisibilityData><SPHoleVisibilityData id="ID171"><VisType>159</VisType><IsVisible>true</IsVisible></SPHoleVisibilityData><SPHoleVisibilityData id="ID172"><VisType>199</VisType><IsVisible>true</IsVisible></SPHoleVisibilityData><SPHoleVisibilityData id="ID173"><VisType>160</VisType><IsVisible>true</IsVisible></SPHoleVisibilityData><SPHoleVisibilityData id="ID174"><VisType>162</VisType><IsVisible>true</IsVisible></SPHoleVisibilityData><SPHoleVisibilityData id="ID175"><VisType>163</VisType><IsVisible>true</IsVisible></SPHoleVisibilityData><SPHoleVisibilityData id="ID176"><VisType>164</VisType><IsVisible>true</IsVisible></SPHoleVisibilityData><SPHoleVisibilityData id="ID177"><VisType>165</VisType><IsVisible>true</IsVisible></SPHoleVisibilityData><SPHoleVisibilityData id="ID178"><VisType>166</VisType><IsVisible>true</IsVisible></SPHoleVisibilityData><SPHoleVisibilityData id="ID179"><VisType>167</VisType><IsVisible>true</IsVisible></SPHoleVisibilityData><SPHoleVisibilityData id="ID180"><VisType>168</VisType><IsVisible>true</IsVisible></SPHoleVisibilityData><SPHoleVisibilityData id="ID181"><VisType>169</VisType><IsVisible>true</IsVisible></SPHoleVisibilityData><SPHoleVisibilityData id="ID182"><VisType>79</VisType><IsVisible>true</IsVisible></SPHoleVisibilityData><SPHoleVisibilityData id="ID183"><VisType>170</VisType><IsVisible>true</IsVisible></SPHoleVisibilityData><SPHoleVisibilityData id="ID184"><VisType>80</VisType><IsVisible>true</IsVisible></SPHoleVisibilityData><SPHoleVisibilityData id="ID185"><VisType>171</VisType><IsVisible>true</IsVisible></SPHoleVisibilityData><SPHoleVisibilityData id="ID186"><VisType>81</VisType><IsVisible>true</IsVisible></SPHoleVisibilityData><SPHoleVisibilityData id="ID187"><VisType>172</VisType><IsVisible>true</IsVisible></SPHoleVisibilityData><SPHoleVisibilityData id="ID188"><VisType>82</VisType><IsVisible>true</IsVisible></SPHoleVisibilityData><SPHoleVisibilityData id="ID189"><VisType>173</VisType><IsVisible>true</IsVisible></SPHoleVisibilityData><SPHoleVisibilityData id="ID190"><VisType>200</VisType><IsVisible>true</IsVisible></SPHoleVisibilityData><SPHoleVisibilityData id="ID191"><VisType>174</VisType><IsVisible>true</IsVisible></SPHoleVisibilityData><SPHoleVisibilityData id="ID192"><VisType>201</VisType><IsVisible>true</IsVisible></SPHoleVisibilityData><SPHoleVisibilityData id="ID193"><VisType>175</VisType><IsVisible>true</IsVisible></SPHoleVisibilityData><SPHoleVisibilityData id="ID194"><VisType>202</VisType><IsVisible>true</IsVisible></SPHoleVisibilityData><SPHoleVisibilityData id="ID195"><VisType>176</VisType><IsVisible>true</IsVisible></SPHoleVisibilityData><SPHoleVisibilityData id="ID196"><VisType>203</VisType><IsVisible>true</IsVisible></SPHoleVisibilityData><SPHoleVisibilityData id="ID197"><VisType>177</VisType><IsVisible>true</IsVisible></SPHoleVisibilityData><SPHoleVisibilityData id="ID198"><VisType>204</VisType><IsVisible>true</IsVisible></SPHoleVisibilityData><SPHoleVisibilityData id="ID199"><VisType>178</VisType><IsVisible>true</IsVisible></SPHoleVisibilityData><SPHoleVisibilityData id="ID200"><VisType>205</VisType><IsVisible>true</IsVisible></SPHoleVisibilityData><SPHoleVisibilityData id="ID201"><VisType>179</VisType><IsVisible>true</IsVisible></SPHoleVisibilityData><SPHoleVisibilityData id="ID202"><VisType>206</VisType><IsVisible>true</IsVisible></SPHoleVisibilityData><SPHoleVisibilityData id="ID203"><VisType>180</VisType><IsVisible>true</IsVisible></SPHoleVisibilityData><SPHoleVisibilityData id="ID204"><VisType>207</VisType><IsVisible>true</IsVisible></SPHoleVisibilityData><SPHoleVisibilityData id="ID205"><VisType>181</VisType><IsVisible>true</IsVisible></SPHoleVisibilityData><SPHoleVisibilityData id="ID206"><VisType>208</VisType><IsVisible>true</IsVisible></SPHoleVisibilityData><SPHoleVisibilityData id="ID207"><VisType>182</VisType><IsVisible>true</IsVisible></SPHoleVisibilityData><SPHoleVisibilityData id="ID208"><VisType>209</VisType><IsVisible>true</IsVisible></SPHoleVisibilityData><SPHoleVisibilityData id="ID209"><VisType>183</VisType><IsVisible>true</IsVisible></SPHoleVisibilityData><SPHoleVisibilityData id="ID210"><VisType>210</VisType><IsVisible>true</IsVisible></SPHoleVisibilityData><SPHoleVisibilityData id="ID211"><VisType>184</VisType><IsVisible>true</IsVisible></SPHoleVisibilityData><SPHoleVisibilityData id="ID212"><VisType>211</VisType><IsVisible>true</IsVisible></SPHoleVisibilityData><SPHoleVisibilityData id="ID213"><VisType>185</VisType><IsVisible>true</IsVisible></SPHoleVisibilityData><SPHoleVisibilityData id="ID214"><VisType>212</VisType><IsVisible>false</IsVisible></SPHoleVisibilityData><SPHoleVisibilityData id="ID215"><VisType>213</VisType><IsVisible>false</IsVisible></SPHoleVisibilityData><SPHoleVisibilityData id="ID216"><VisType>214</VisType><IsVisible>false</IsVisible></SPHoleVisibilityData><SPHoleVisibilityData id="ID217"><VisType>215</VisType><IsVisible>true</IsVisible></SPHoleVisibilityData><SPHoleVisibilityData id="ID218"><VisType>216</VisType><IsVisible>false</IsVisible></SPHoleVisibilityData><SPHoleVisibilityData id="ID219"><VisType>217</VisType><IsVisible>false</IsVisible></SPHoleVisibilityData><SPHoleVisibilityData id="ID220"><VisType>218</VisType><IsVisible>false</IsVisible></SPHoleVisibilityData><SPHoleVisibilityData id="ID221"><VisType>219</VisType><IsVisible>false</IsVisible></SPHoleVisibilityData><SPHoleVisibilityData id="ID222"><VisType>220</VisType><IsVisible>false</IsVisible></SPHoleVisibilityData><SPHoleVisibilityData id="ID223"><VisType>221</VisType><IsVisible>false</IsVisible></SPHoleVisibilityData><SPHoleVisibilityData id="ID224"><VisType>222</VisType><IsVisible>false</IsVisible></SPHoleVisibilityData></List><TextXOffset>0</TextXOffset><TextYOffset>0</TextYOffset><TextAngle>-20</TextAngle></SPHoleVisibility></HoleVisibility><GridObject xsi:nil="true" /></UIDefaultValues></root>