productCategory,productType,name,supplier,density,colorHex,isCompressible,minDensity,maxDensity,vodMs,reKjKg,rws,waterResistant,dampResistant,massGrams,diameterMm,lengthMm,initiatorType,deliveryVodMs,minDelayMs,maxDelayMs,delayIncrementMs,delaySeriesMs,coreLoadGramsPerMeter,spacerType,description
NonExplosive,Air,Air,,0.0012,#FFFFFF,,,,,,,,,,,,,,,,,,,,
NonExplosive,Water,Water,,1.00,#4169E1,,,,,,,,,,,,,,,,,,,,
NonExplosive,Stemming,Crushed Rock Stemming,,2.10,#8B7355,,,,,,,,,,,,,,,,,,,,7-19mm aggregate
BulkExplosive,ANFO,ANFO Standard,,0.85,#FFFF00,false,,,3200,3800,100,false,false,,,,,,,,,,,,Standard prilled ANFO
BulkExplosive,BlendNonGassed,Heavy ANFO 70/30,,1.20,#FFD700,true,0.85,1.40,4500,4200,115,true,false,,,,,,,,,,,,70% emulsion 30% ANFO blend
BulkExplosive,Emulsion,Bulk Emulsion,,1.15,#FF8C00,true,1.00,1.30,5500,3600,120,true,true,,,,,,,,,,,,Pumpable emulsion
HighExplosive,Booster,400g Pentex Booster,,1.60,#FF0000,,,,7500,5200,,true,,400,76,110,,,,,,,,,Cast pentolite booster
HighExplosive,PackagedEmulsion,Packaged Emulsion 75mm,,1.15,#FF4500,,,,5000,3400,,true,,2300,75,320,,,,,,,,,75mm packaged emulsion
Initiator,Electronic,i-kon II Electronic,,,,,,,,,,,,,,7.6,98,Electronic,0,0,20000,1,,,,Orica i-kon II
Initiator,ShockTube,Exel LP Shock Tube,,,,,,,,,,,,,,7.6,98,ShockTube,2000,,,,17;25;42;65;100;150;200;300;400;500,,,Orica Exel LP series
Initiator,DetonatingCord,10g/m Det Cord,,,,,,,,,,,,,,,,DetonatingCord,7000,,,,,10,,10 gram per meter detonating cord
Spacer,GasBag,400mm Gas Bag,,0.06,#ADD8E6,,,,,,,,,,230,400,,,,,,,,GasBag,,Standard 400mm gas bag
